ticker,error,name,long_name,sector,industry,country,market_cap,enterprise_value,pe_ratio,forward_pe,peg_ratio,price_to_book,price_to_sales,ev_to_ebitda,ev_to_revenue,roe,roa,operating_margin,profit_margin,gross_margin,ebitda_margin,revenue_growth,earnings_growth,quarterly_revenue_growth,quarterly_earnings_growth,debt_to_equity,current_ratio,quick_ratio,total_cash,total_debt,free_cash_flow,operating_cash_flow,beta,insider_ownership,institutional_ownership,shares_outstanding,float_shares,short_percent,price,week52_high,week52_low,avg_volume,recommendation,passed_filters,quality_score,growth_score,health_score,valuation_score,momentum_score,composite_score,multibagger_score,rationale,technical_error,current_price,rsi_14,ma_50,ma_200,pct_from_200ma,pct_from_52w_high,technical_score,supertrend_daily_signal,supertrend_daily_days,supertrend_weekly_signal,supertrend_weekly_weeks
INSW,,"International Seaways, Inc.","International Seaways, Inc.",Energy,Oil & Gas Midstream,United States,5736221184.0,5979590144.0,7.3251104,18.03425,,2.531643,4.5476007,7.376,4.741,0.37412,0.15758,0.64219004,0.61767,0.725,0.64269996,1.401,3.731,,3.784,0.28815,5.944,5.648,409396992.0,652766016.0,69650376.0,633065984.0,-0.101,0.16228001,0.84717005,49531311.0,41484454.0,0.078600004,115.81,116.13,42.26,603034.0,strong_buy,True,2.0107202904656005,2.25,1.1230190333228254,0.416488855739361,1.4460874628138998,1.5812485469719857,10.0,"Solid growth (revenue +140%, EPS +373%); strong profitability (ROE 37%, op margin 64%). Valuation looks stretched.",,115.81,70.2,100.54,79.38,45.9,0.0,0.5,BUY,62,BUY,69
SEZL,,Sezzle Inc.,Sezzle Inc.,Financial Services,Credit Services,United States,3617033472.0,3659391232.0,24.029085,16.159973,0.0646,15.521677,6.8003793,11.595,6.88,0.88851,0.48792,0.57167,0.3035,0.74967,0.59336,0.517,0.5,,0.477,0.52416,4.017,3.835,79757000.0,122115000.0,100542000.0,275596992.0,6.669,0.44062,0.45291,33675014.0,18691653.0,0.2644,107.41,195.71,49.5,622852.0,none,True,2.3871271883322067,0.9524270097385175,0.2964147001855832,0.11526041438754846,-0.3040226171684602,1.0304365152803963,9.9,"Strong profitability (ROE 89%, op margin 57%); solid growth (revenue +52%, EPS +50%). Recent price action is soft.",,107.41,37.6,126.78,103.08,4.2,43.0,7.0,SELL,50,SELL,9
HL,,Hecla Mining Company,Hecla Mining Company,Basic Materials,Other Precious Metals & Mining,United States,11554417664.0,11090592768.0,20.476192,16.658596,,4.315103,6.625327,11.44,6.359,0.22173999,0.15305,0.4427,0.19150999,0.61395,0.5559,0.524,0.929,,1.043,0.008020000000000001,5.197,4.411,485340000.0,21478000.0,342344736.0,734268992.0,1.382,0.0055400003,0.76894,671768431.0,668288671.0,0.0,17.2,34.17,11.81,37774601.0,buy,True,1.1268708158738387,1.5192049110393977,1.3216856769074405,-0.07428716140801624,-0.7564951147447526,0.9993160618004212,9.8,"Solid growth (revenue +52%, EPS +93%); healthy balance sheet (D/E 0.01, CR 5.2). Recent price action is soft.",,17.2,41.0,18.25,19.18,-10.3,45.9,5.0,SELL,13,BUY,7
MGY,,Magnolia Oil & Gas Corporation,Magnolia Oil & Gas Corporation,Energy,Oil & Gas E&P,United States,6611910144.0,5821026816.0,10.510917,7.801839,,2.0372407,4.467854,5.662,3.933,0.20854001,0.11788999,0.50688,0.28773,0.8222,0.69472003,0.501,1.366,,1.327,0.19243,1.583,1.572,295937984.0,413131008.0,332475744.0,1037092992.0,0.698,0.14339,0.89671,269171592.0,202958860.0,0.1144,24.07,32.76,21.065,4821777.0,buy,True,1.4098606829572073,1.902218570767753,-0.04048789883478285,0.6743663803730366,-0.7101092636011528,0.9540403667463025,9.8,"Solid growth (revenue +50%, EPS +137%); strong profitability (ROE 21%, op margin 51%). Recent price action is soft.",,24.07,39.2,25.86,26.76,-10.0,25.6,5.5,SELL,13,SELL,16
INVA,,"Innoviva, Inc.","Innoviva, Inc.",Healthcare,Biotechnology,United States,1481032448.0,1233215488.0,4.7674417,9.276018,0.2486,1.2074449,3.365998,6.312,2.803,0.36676,0.06949,0.43277,0.8119,0.72670996,0.44405997,0.193,,,,0.26859,16.007,14.654,579056000.0,331239008.0,110332496.0,191494000.0,0.334,0.01007,1.0925499,72245485.0,67651395.0,0.13430001,20.5,25.15,16.52,818190.0,buy,True,1.5348372937139623,0.0,1.3731277269267848,1.0342254365679295,-0.1139843538061584,0.9531677176407664,9.7,"Strong profitability (ROE 37%, op margin 43%); healthy balance sheet (D/E 0.27, CR 16.0). Recent price action is soft.",,20.5,42.7,21.01,21.76,-5.8,15.4,8.0,SELL,66,SELL,1
AMG,,"Affiliated Managers Group, Inc.","Affiliated Managers Group, Inc.",Financial Services,Asset Management,United States,9605154816.0,13467254784.0,13.037206,8.6840925,0.6127,3.1787994,4.230973,21.527,5.932,0.24257,0.0312,0.30357,0.37719002,0.50273,0.27557,0.299,1.482,,1.205,0.7609600000000001,101.314,101.314,502800000.0,3199000064.0,277175008.0,1071800000.0,1.103,0.042340003,1.0057399,25859933.0,24845965.0,0.0541,371.43,392.92,230.26,272911.0,strong_buy,True,0.4793400356533806,1.443509376239824,1.2669825174611242,0.3176182975667021,1.0731078599985318,0.9227231217561831,9.6,"Solid growth (revenue +30%, EPS +148%); healthy balance sheet (D/E 0.76, CR 101.3). Valuation looks stretched.",,371.43,56.3,364.16,323.46,14.8,3.1,7.5,BUY,6,BUY,18
HLNE,,Hamilton Lane Incorporated,Hamilton Lane Incorporated,Financial Services,Asset Management,United States,5833601024.0,4508704256.0,13.248097,11.864162,,3.9691732,6.7961698,11.732,5.253,0.32416,0.10783,0.45933998,0.32141998,0.6066,0.44772997,0.565,0.505,,0.497,0.21558,4.111,3.982,337017984.0,364790016.0,231402752.0,373135008.0,1.199,0.11453,1.10184,43349167.0,39859879.0,0.1019,87.04,155.66,71.88,669174.0,strong_buy,True,1.3419560013217966,0.9676694925589483,0.7365299764793647,0.1508708426408098,-0.9319321433992869,0.8046706868822743,9.5,"Strong profitability (ROE 32%, op margin 46%); solid growth (revenue +56%, EPS +50%). Recent price action is soft.",,87.04,37.6,96.5,103.18,-15.6,43.4,4.5,SELL,17,BUY,7
EXEL,,"Exelixis, Inc.","Exelixis, Inc.",Healthcare,Biotechnology,United States,14467973120.0,13794516992.0,18.361635,13.722679,,7.8820195,5.939429,13.52,5.663,0.44393003,0.23974001,0.39513,0.35331002,0.96483004,0.41886002,0.106,0.262,,0.147,0.08999,3.456,3.244,839385024.0,165928992.0,739715136.0,1183422976.0,0.422,0.01845,1.06808,247781692.0,213602685.0,0.1456,58.39,61.14,33.76,2364077.0,buy,True,2.0550013512147314,-0.31892328174084206,1.2668092002349698,0.036014443487656235,1.165569815673543,0.9171525422947769,9.5,"Strong profitability (ROE 44%, op margin 40%); healthy balance sheet (D/E 0.09, CR 3.5). Growth is modest — more of a compounder.",,58.39,56.1,55.83,49.08,19.0,1.3,7.5,BUY,28,BUY,114
LGND,,Ligand Pharmaceuticals Incorpor,Ligand Pharmaceuticals Incorporated,Healthcare,Biotechnology,United States,6039691776.0,5813387264.0,31.168722,25.352808,,6.237595,20.78767,43.706,20.009,0.21962,0.039920002,0.13488,0.6788,0.81198996,0.4578,0.337,8.25,,9.008,1.16944,31.178,30.826,1357757952.0,1131453056.0,139748880.0,131714000.0,0.976,0.02343,1.1608,19935609.0,19484466.0,0.1583,302.96,326.63,175.89,270938.0,strong_buy,True,0.8026750062539668,1.832625580015855,0.7944543617973978,-1.5799888542634417,1.0004020420158235,0.7105942612907782,9.4,"Solid growth (revenue +34%, EPS +825%); constructive price momentum. Valuation looks stretched.",,302.96,57.1,291.74,241.75,25.3,6.1,7.5,BUY,9,BUY,64
PARR,,"Par Pacific Holdings, Inc. Comm","Par Pacific Holdings, Inc.",Energy,Oil & Gas Refining & Marketing,United States,4208368640.0,5194008576.0,5.057194,5.6594734,,2.0878382,0.48827806,4.053,0.603,0.53489,0.16871001,0.21122,0.09942,0.23056,0.1487,0.568,6.991,,6.772,0.5616599999999999,1.84,0.524,184996992.0,1134023040.0,82314872.0,555019008.0,0.773,0.02574,1.03877,50099627.0,48729402.0,0.1276,84.0,87.72,33.21,999549.0,buy,True,0.28417055114202466,2.25,-0.7900653783139436,1.2106163037724056,1.2595382445433594,0.6948041785571503,9.3,"Solid growth (revenue +57%, EPS +699%); constructive price momentum. Balance sheet worth monitoring.",,84.0,57.0,79.56,59.61,40.9,2.9,4.5,BUY,36,BUY,31
KRYS,,"Krystal Biotech, Inc.","Krystal Biotech, Inc.",Healthcare,Biotechnology,United States,9539112960.0,8702334976.0,40.436638,34.58129,,7.017834,21.655981,43.666,19.756,0.20124,0.093669996,0.48999,0.54818,0.94639,0.45244,0.241,0.388,,0.429,0.00651,8.318,7.726,845630976.0,8853000.0,151739744.0,272337984.0,0.537,0.10659,1.02514,29598836.0,23618391.0,0.175,322.28,382.535,179.16,374619.0,strong_buy,True,1.5633958696706083,0.21991216240114592,1.6111198174583323,-1.9758323230410562,0.5939555474370946,0.6600996847817484,9.2,"Healthy balance sheet (D/E 0.01, CR 8.3); strong profitability (ROE 20%, op margin 49%). Valuation looks stretched.",,322.28,36.6,342.43,301.37,6.9,14.8,9.5,SELL,15,BUY,54
HRMY,,"Harmony Biosciences Holdings, I","Harmony Biosciences Holdings, Inc.",Healthcare,Biotechnology,United States,2308490496.0,1800890624.0,12.787097,5.9284873,,2.3055894,2.4049332,7.035,1.876,0.20456,0.1162,0.34183997,0.18884,0.75424004,0.26668,0.303,0.882,,0.896,0.16030999999999998,3.479,3.327,667790976.0,160191008.0,182835504.0,355076992.0,0.925,0.01217,0.99671,58236393.0,52094783.0,0.1062,39.64,43.49,25.52,890825.0,buy,True,0.5085374628717539,0.9165883220658293,0.46358167108909165,0.8185420263635717,0.8333850221462337,0.6620542922121039,9.2,"Solid growth (revenue +30%, EPS +88%); constructive price momentum. Balance sheet worth monitoring.",,39.64,44.6,39.54,34.64,14.4,7.5,9.0,SELL,4,BUY,15
LQDA,,Liquidia Corporation,Liquidia Corporation,Healthcare,Drug Manufacturers - Specialty & Generic,United States,2563534592.0,2462249728.0,20.457142,11.913477,,13.077625,5.6852846,14.504,5.461,1.3181599,0.27039,0.49812,0.30739,0.92542,0.3765,18.427,,,,0.93738,2.312,2.075,284180992.0,182896000.0,74296128.0,167708000.0,0.535,0.0924,0.81921995,89508891.0,65374609.0,0.1716,28.64,93.61,21.91,2058177.0,buy,True,2.244242074508075,0.75,-0.6793945200990589,0.03829298164083143,-1.18612328689648,0.6373617752289584,9.1,"Strong profitability (ROE 132%, op margin 50%); solid growth (revenue +1843%). Recent price action is soft.",,28.64,20.4,71.97,54.2,-47.2,68.5,3.5,SELL,3,SELL,1
CARG,,"CarGurus, Inc.","CarGurus, Inc.",Communication Services,Internet Content & Information,United States,2673985792.0,2736991744.0,15.316326,9.895279,0.6569,11.379833,2.7644582,10.031,2.83,0.53470004,0.2502,0.25275,0.18189,0.92375,0.2821,0.131,1.41,,1.202,0.7003499999999999,1.85,1.515,122136000.0,185142000.0,241320752.0,318721984.0,1.159,0.03004,1.08932,75309865.0,72972556.0,0.17040001,30.02,41.22,26.39,1082449.0,buy,True,1.3996937811340213,1.0090652375914584,-0.47657086863143344,0.6923437284603121,-0.7456410229717657,0.6196012347006711,9.0,"Strong profitability (ROE 53%, op margin 25%); solid growth (revenue +13%, EPS +141%). Recent price action is soft.",,30.02,32.0,34.8,33.63,-10.7,23.1,6.5,SELL,23,BUY,14
CNS,,Cohen & Steers Inc,"Cohen & Steers, Inc.",Financial Services,Asset Management,United States,3753771776.0,3711545856.0,22.461538,18.34171,1.6881,6.368315,6.4288807,18.282,6.357,0.27329,0.14536001,0.34554002,0.28824,0.47300997,0.3477,0.122,0.319,,0.339,0.19326000000000002,6.638,6.6,282608992.0,134390000.0,156940496.0,72166000.0,1.196,0.45824,0.57699,51421533.0,27688953.0,0.0544,73.0,86.56,58.39,273522.0,none,True,0.8635406153427371,-0.14532450501198493,1.4899076133013318,-0.41187115487178294,0.05371654787910276,0.5361131158383455,8.9,"Healthy balance sheet (D/E 0.19, CR 6.6); strong profitability (ROE 27%, op margin 35%). Valuation looks stretched.",,73.0,35.6,79.27,71.45,2.2,14.8,9.0,SELL,23,BUY,22
CRUS,,"Cirrus Logic, Inc.","Cirrus Logic, Inc.",Technology,Semiconductors,United States,6072744448.0,5311946752.0,14.812958,13.614301,,2.7921927,2.96256,10.124,2.591,0.20903999,0.12163,0.18367,0.21004999,0.52785,0.25597,0.129,0.289,,0.266,0.0596,7.583,5.894,891262016.0,130464000.0,450997248.0,598595008.0,1.16,0.00563,1.0742,50117561.0,49635931.0,0.082600005,121.17,180.42,106.26,800603.0,none,True,0.15974101686192002,-0.1862889755455351,1.9659500686988824,0.4529236239745894,-0.8732588677289012,0.5171131785566562,8.8,"Healthy balance sheet (D/E 0.06, CR 7.6); reasonable valuation (P/E 15). Recent price action is soft.",,121.17,54.7,119.99,139.81,-13.3,32.3,6.0,BUY,17,SELL,12
SEIC,,SEI Investments Company,SEI Investments Company,Financial Services,Asset Management,United States,12293565440.0,12287421440.0,18.323792,14.696746,,4.916247,5.0172987,16.175,5.015,0.27587998,0.14759,0.30706,0.28847998,0.78388,0.31004,0.147,-0.107,,-0.138,0.02383,5.059,4.765,421196000.0,67852000.0,377482240.0,712024000.0,0.969,0.15633,0.77756,120019182.0,99405887.0,0.0202,102.43,112.15,75.08,765076.0,buy,True,0.9436239249211731,-0.6039976073545821,1.3996312898084569,0.014884737018491034,0.6933961905872751,0.518898118171958,8.8,"Healthy balance sheet (D/E 0.02, CR 5.1); strong profitability (ROE 28%, op margin 31%). Growth is modest — more of a compounder.",,102.43,38.2,106.09,90.99,12.6,8.2,8.5,SELL,18,BUY,24
ESNT,,Essent Group Ltd.,Essent Group Ltd.,Financial Services,Insurance - Specialty,Bermuda,5412362752.0,5210115584.0,8.215552,7.632359,,0.95567584,4.091002,6.07,3.938,0.12009,0.07202,0.6575,0.51452,0.76005995,0.64882004,0.136,0.078,,-0.029,0.08757,1.791,1.101,698219008.0,495972000.0,690249472.0,834083008.0,0.758,0.05505,0.97688,89876493.0,86662510.0,0.0469,60.22,70.37,55.34,656607.0,buy,True,1.3541534257665016,-0.4568579717378587,0.481951392969916,0.7395644069053677,-0.5123980838484501,0.49783413988134745,8.7,"Strong profitability (ROE 12%, op margin 66%); reasonable valuation (P/E 8). Recent price action is soft.",,60.22,29.4,67.04,62.96,-4.4,13.5,6.5,SELL,9,SELL,1
RELY,,"Remitly Global, Inc.","Remitly Global, Inc.",Technology,Software - Infrastructure,United States,4608361984.0,3970231808.0,15.439717,13.478874,,4.0890307,2.5465782,19.93,2.194,0.32246,0.08542,0.14324,0.16855,0.61548,0.110080004,0.202,30.0,,30.504,0.03396,3.181,2.524,676393984.0,38264000.0,196120992.0,406121984.0,0.364,0.05325,0.88579005,211684054.0,200172675.0,0.0912,21.77,27.479,12.08,3443630.0,strong_buy,True,-0.08691306916238133,1.520789098750991,0.36187359974280986,0.1999811841633244,0.3766110210582103,0.493419482552145,8.6,"Solid growth (revenue +20%, EPS +3000%); constructive price momentum. Profitability is the softer spot.",,21.77,43.6,23.84,19.51,11.6,19.1,10.0,SELL,17,BUY,14
MLI,,"Mueller Industries, Inc.","Mueller Industries, Inc.",Industrials,Metal Fabrication,United States,13837108224.0,12472069120.0,16.291668,14.283105,,3.9002492,2.9686122,11.449,2.676,0.26325,0.16493,0.2181,0.18247,0.28776,0.23372,0.255,0.018,,0.015,0.0069099999999999995,4.775,3.655,1415988992.0,24684000.0,524939744.0,743283968.0,1.107,0.02122,0.94453,221181388.0,216209230.0,0.0248,62.56,71.12,48.265,1534033.0,none,True,0.1905197076097451,-0.19612770526692425,1.3549091712746169,0.3715611505154106,0.3655289612326397,0.42086189942379026,8.5,"Healthy balance sheet (D/E 0.01, CR 4.8); reasonable valuation (P/E 16). Growth is modest — more of a compounder.",,62.56,56.0,63.55,62.36,0.3,11.2,9.5,SELL,33,BUY,9
COCO,,"The Vita Coco Company, Inc.","The Vita Coco Company, Inc.",Consumer Defensive,Beverages - Non-Alcoholic,United States,3238656768.0,2947936768.0,31.62147,23.918804,,8.012885,4.587216,21.58,4.175,0.31370002,0.16974,0.29209998,0.15503,0.41127998,0.19349001,0.281,1.158,,1.159,0.03508,3.356,2.578,278640000.0,14062000.0,104597248.0,131693000.0,0.744,0.08605,0.95522004,57864153.0,51889832.0,0.12550001,55.97,85.83,38.07,1186057.0,buy,True,0.36514841442675694,1.1760911079636014,0.2770760469639124,-0.569782867469967,-0.36614550000299073,0.36906160793926096,8.5,"Solid growth (revenue +28%, EPS +116%); strong profitability (ROE 31%, op margin 29%). Valuation looks stretched.",,55.97,42.5,60.67,61.36,-8.8,33.4,7.0,BUY,10,SELL,9
RMBS,,"Rambus, Inc.",Rambus Inc.,Technology,Semiconductors,United States,12144445440.0,11341300736.0,51.362385,30.089352,,8.28058,16.05705,35.833,14.995,0.17789,0.11034001,0.36671,0.3169,0.80357003,0.41847,0.204,0.151,,0.167,0.014870000000000001,9.754,8.896,824947968.0,21803000.0,202302368.0,332704000.0,1.872,0.00767,0.94691,108461603.0,107611264.0,0.077800006,111.97,174.1,77.89,2523804.0,strong_buy,True,1.0163103700484617,-0.15108103543642784,1.675843236742387,-2.024453856361224,-0.4261725699710893,0.3611069543882902,8.4,"Healthy balance sheet (D/E 0.01, CR 9.8); strong profitability (ROE 18%, op margin 37%). Valuation looks stretched.",,111.97,69.5,93.52,107.89,3.8,34.4,7.0,BUY,10,SELL,12
NBIX,,"Neurocrine Biosciences, Inc.","Neurocrine Biosciences, Inc.",Healthcare,Drug Manufacturers - Specialty & Generic,United States,14554129408.0,14625930240.0,20.571838,12.054856,0.2824,3.9384935,4.3137407,16.014,4.335,0.22089,0.11704001,0.2219,0.20910999,0.6448,0.2707,0.395,0.311,,0.343,0.12497,1.872,1.46,389800000.0,461600000.0,638237504.0,898099968.0,0.381,0.01061,1.02816,101649181.0,100366368.0,0.0634,143.18,186.12,122.14,1272207.0,strong_buy,True,0.32450424042242815,0.48240814914191843,0.4663574215061527,0.31999481369571486,-0.500230080650812,0.3575303828105629,8.3,"Solid growth (revenue +40%, EPS +31%); healthy balance sheet (D/E 0.12, CR 1.9). Recent price action is soft.",,143.18,41.2,155.65,147.27,-2.8,22.8,8.0,SELL,45,SELL,3
FHI,,"Federated Hermes, Inc.","Federated Hermes, Inc.",Financial Services,Asset Management,United States,4186201856.0,4106383616.0,10.421933,9.591173,1.3978,3.1974225,2.164517,7.396,2.123,0.31137,0.14803,0.27722,0.21295999,0.69044,0.28709,0.183,0.193,,0.146,0.32354,2.592,2.372,480710016.0,451942016.0,371463872.0,373985984.0,0.632,0.03893,0.93278,74651281.0,67965657.0,0.062,56.07,67.2,46.66,604019.0,none,True,0.7194702523995405,-0.18452139073475748,0.26609710601030767,0.757789368378874,-0.12289099358960363,0.34375886011610063,8.2,"Reasonable valuation (P/E 10, PEG 1.4); strong profitability (ROE 31%, op margin 28%). Growth is modest — more of a compounder.",,56.07,32.9,61.0,57.05,-1.7,14.3,7.5,SELL,22,SELL,1
DAVE,,Dave Inc.,Dave Inc.,Technology,Software - Application,United States,4420676096.0,4435070976.0,22.316164,15.614708,,21.264572,6.8681045,19.089,6.89,1.04779,0.3101,0.32945,0.34589002,0.71748,0.36097,0.296,-0.21,,-0.26,1.29139,4.223,2.178,254072000.0,268467008.0,167170368.0,326945984.0,3.84,0.10416,1.10037,11441425.0,9546349.0,0.202,346.57,458.25,152.21,402060.0,buy,True,1.9256147929656295,-0.38819899517446754,-0.40905391287814596,-0.3201951706340038,0.39359491188499895,0.35002168087568486,8.2,"Strong profitability (ROE 105%, op margin 33%); constructive price momentum. Balance sheet worth monitoring.",,346.57,49.8,357.24,273.82,26.6,21.7,8.5,SELL,8,BUY,25
PATH,,"UiPath, Inc.","UiPath, Inc.",Technology,Software - Infrastructure,United States,6837559296.0,5633329152.0,19.582088,14.246314,0.4777,3.5080214,3.9733431,30.514,3.274,0.20027,0.03664,0.08922,0.21031,0.82583,0.10727999,0.134,22.808,,21.783,0.04093,2.387,2.139,1283990016.0,79760000.0,474257632.0,373246016.0,1.023,0.10781,0.90263003,456464703.0,388484877.0,0.2574,13.12,19.84,9.2,68639700.0,hold,True,-0.3160415659431135,1.3637159081879482,0.5210196405845431,-0.14497955730596887,-0.38473715540596515,0.3353876260439952,8.1,"Solid growth (revenue +13%, EPS +2281%); healthy balance sheet (D/E 0.04, CR 2.4). Recent price action is soft.",,13.12,43.3,14.59,12.68,3.5,32.0,8.5,SELL,20,SELL,2
IESC,,"IES Holdings, Inc.","IES Holdings, Inc.",Industrials,Engineering & Construction,United States,13522262016.0,13216615424.0,29.405546,,,11.000389,3.3926585,23.967,3.316,0.44522998,0.16469,0.14364,0.11444,0.26305,0.13835,0.396,0.987,,0.981,0.062329999999999997,1.63,1.455,387860000.0,76943000.0,329443360.0,371422016.0,1.78,0.030620001,0.97783995,39848712.0,18616521.0,0.0885,339.34,408.255,170.065,334050.0,none,True,0.07670885554355779,1.241532925680842,0.031874344845914754,-0.3050250167183167,0.6142341052707799,0.32632242705054804,8.0,"Solid growth (revenue +40%, EPS +99%); constructive price momentum. Valuation looks stretched.",,339.34,55.9,334.43,290.28,16.9,14.5,10.0,SELL,29,BUY,73
RDN,,Radian Group Inc.,Radian Group Inc.,Financial Services,Insurance - Specialty,United States,4309053952.0,4941784064.0,7.71801,6.161174,,0.9046469,2.6122808,5.472,2.996,0.12026,0.0529,0.31627,0.32512,0.69302005,0.54745,0.935,-0.162,,-0.183,0.27967,1.588,0.703,712057024.0,1344786944.0,308735264.0,1393350016.0,0.699,0.01666,0.97563004,132301318.0,129982076.0,0.0505,32.57,41.05,30.53,1270325.0,buy,True,0.7655436829453334,0.19432290336662977,-0.29517600086487034,0.9289414467387085,-0.8940859436124231,0.29908675033922494,7.9,"Reasonable valuation (P/E 8); strong profitability (ROE 12%, op margin 32%). Recent price action is soft.",,32.57,37.3,36.17,35.34,-7.8,18.0,7.5,SELL,41,SELL,2
NSSC,,"NAPCO Security Technologies, In","Napco Security Technologies, Inc.",Industrials,Security & Protection Services,United States,1293744256.0,1161358336.0,30.141665,20.03878,,6.773408,6.394671,18.317,5.74,0.2393,0.17512,0.32228002,0.21267,0.5899,0.31338,0.1,0.524,,0.527,0.02711,4.899,4.088,137564992.0,5179000.0,50773248.0,61145000.0,1.424,0.03454,1.04973,35768437.0,34938967.0,0.0759,36.17,51.77,33.91,378969.0,none,True,0.7265949361536523,0.030479437649884006,0.7848063054476164,-0.5069158350549525,-1.090746475151047,0.29122521760467557,7.8,"Healthy balance sheet (D/E 0.03, CR 4.9); strong profitability (ROE 24%, op margin 32%). Recent price action is soft.",,36.17,50.0,36.98,39.63,-8.7,23.4,8.0,SELL,36,SELL,21
ADEA,,Adeia Inc.,Adeia Inc.,Technology,Software - Application,United States,2838611200.0,3096792064.0,23.614677,16.079962,,5.9473195,6.028439,11.01,6.577,0.27878,0.13056,0.31948,0.26053,1.0,0.59736,0.121,0.0,,0.039,0.82832,3.247,3.128,137080992.0,395262016.0,195100624.0,190952000.0,0.958,0.0185,1.05789,110280150.0,107722753.0,0.118599996,25.74,34.34,11.61,1073850.0,strong_buy,True,1.3351410597398747,-0.5042076159918005,-0.060383293350917036,-0.05160016975510466,0.35438055139858077,0.2693735926929464,7.8,"Strong profitability (ROE 28%, op margin 32%); constructive price momentum. Growth is modest — more of a compounder.",,25.74,50.0,26.42,25.04,2.8,23.5,9.5,SELL,24,SELL,12
ANIP,,"ANI Pharmaceuticals, Inc.","ANI Pharmaceuticals, Inc.",Healthcare,Drug Manufacturers - Specialty & Generic,United States,1658000000.0,1795846400.0,15.898679,6.9416795,,2.5902534,1.6946398,8.576,1.836,0.20459,0.05446,0.14974,0.1107,0.60403997,0.21403,0.259,1.911,,1.891,1.0482500000000001,2.91,2.297,376961984.0,626028032.0,132205752.0,189466000.0,0.45,0.054190002,1.0710601,22959488.0,19660912.0,0.1321,72.18,97.0,69.58,369352.0,buy,True,-0.3027262855095873,1.6524533908406003,-0.5191585606740516,0.7547963849052219,-1.1833271134849905,0.24655892395029474,7.7,"Solid growth (revenue +26%, EPS +191%); reasonable valuation (P/E 16). Recent price action is soft.",,72.18,43.3,75.31,78.51,-8.1,24.3,8.0,BUY,12,SELL,46
FIVE,,"Five Below, Inc.","Five Below, Inc.",Consumer Cyclical,Specialty Retail,United States,12177401856.0,13028135936.0,19.855474,19.993673,0.9842,4.918066,2.2916267,15.881,2.452,0.28250998,0.07843,0.08859,0.11652,0.37578,0.15438,0.229,4.182,,4.177,0.8233199999999999,2.222,1.181,1187904000.0,2038637952.0,367360512.0,803480000.0,0.989,0.01643,1.03056,55054035.0,53781736.0,0.044899996,221.19,263.88,137.77,1119263.0,buy,True,-0.4329331607333755,1.5831563950039638,-0.3768793063793918,0.1621133856296869,0.4706683183447264,0.2195397476978197,7.6,"Solid growth (revenue +23%, EPS +418%); constructive price momentum. Profitability is the softer spot.",,221.19,39.7,234.64,214.76,3.0,15.8,9.0,SELL,11,BUY,9
PRG,,"PROG Holdings, Inc.","PROG Holdings, Inc.",Industrials,Rental & Leasing Services,United States,1234780544.0,2036643584.0,10.0,5.588465,,1.5332114,0.472249,4.506,0.779,0.17066,0.15037,0.16605,0.05609,0.36145002,0.17287001,0.223,-0.042,,-0.038,1.10148,4.518,3.464,85201000.0,887064000.0,1535915904.0,333078016.0,1.766,0.04324,1.11607,39831633.0,38415618.0,0.09810001,31.0,47.73,25.8,556771.0,strong_buy,True,-0.38610880336756903,-0.33530607070697915,0.81509939784339,1.1138044190260543,-0.7679875616887742,0.13278697554330143,7.5,"Reasonable valuation (P/E 10); healthy balance sheet (D/E 1.10, CR 4.5). Recent price action is soft.",,31.0,21.9,38.82,35.62,-13.0,34.8,4.5,SELL,39,SELL,3
AGX,,"Argan, Inc.","Argan, Inc.",Industrials,Engineering & Construction,United States,5385074176.0,4367543296.0,29.939938,23.829582,,10.6271105,4.5323834,23.603,3.676,0.39847,0.0999,0.14794,0.15092,0.20711,0.15574001,0.615,0.504,,0.511,0.02154,1.501,1.458,1028446016.0,10915000.0,467822016.0,555177024.0,0.569,0.04109,1.12369,14029842.0,13777726.0,0.0952,383.83,805.75,255.6,357744.0,buy,True,-0.11825344818331457,0.9744245112928669,0.22871730674256535,-0.5911964813484011,-0.7797685730115822,0.13764151920102444,7.5,"Solid growth (revenue +62%, EPS +50%); healthy balance sheet (D/E 0.02, CR 1.5). Recent price action is soft.",,383.83,40.8,469.6,516.62,-25.7,51.9,5.0,SELL,63,SELL,7
LIVN,,LivaNova PLC,LivaNova PLC,Healthcare,Medical Devices,United Kingdom,4123860480.0,3971199488.0,22.144543,16.05202,0.9256,3.1183019,2.8024514,15.266,2.699,0.15404001,0.0504,0.13543999,0.12813,0.67743,0.17678,0.108,2.878,,2.997,0.26556,1.45,1.079,516619008.0,351948992.0,59872624.0,249258000.0,0.869,0.00414,1.13069,54933538.0,54836771.0,0.111999996,75.07,85.76,48.82,650066.0,none,True,-0.4091209980488378,1.3036585117961965,-0.5883728344089456,0.20744703989228527,0.6140579554330942,0.11790507368765889,7.4,"Solid growth (revenue +11%, EPS +288%); constructive price momentum. Balance sheet worth monitoring.",,75.07,38.2,79.22,71.35,5.2,12.0,9.5,SELL,41,BUY,74
FCFS,,"FirstCash Holdings, Inc.","FirstCash Holdings, Inc.",Financial Services,Credit Services,United States,9123691520.0,11654410240.0,23.689188,16.265997,,3.9393258,2.214307,14.787,2.829,0.17398001,0.08297,0.15508,0.0942,0.57869,0.19128999,0.294,0.582,,0.563,1.16419,4.887,3.199,172298000.0,2703015936.0,219812256.0,672852992.0,0.53,0.084259994,1.00156,43371800.0,39714256.0,0.065,210.36,238.93,146.77,416665.0,strong_buy,True,-0.3511248102465287,0.533659052312764,0.06966399642873164,0.16021512196070545,0.5538830295580446,0.09721973888342335,7.3,"Constructive price momentum; solid growth (revenue +29%, EPS +58%). Profitability is the softer spot.",,210.36,41.9,215.3,202.35,4.0,11.0,9.5,SELL,2,SELL,11
QLYS,,"Qualys, Inc.","Qualys, Inc.",Technology,Software - Infrastructure,United States,6676834816.0,6303940096.0,33.565216,22.836292,3.1712,11.895224,9.497942,24.756,8.967,0.38592,0.146,0.33979,0.29381,0.83417,0.36223,0.11,0.161,,0.108,0.09498,1.384,1.266,426294016.0,53399000.0,244382624.0,320948992.0,0.617,0.00448,1.10255,34595001.0,34315473.0,0.1381,193.0,201.54,74.51,735733.0,hold,True,1.3105837767684372,-0.3930791913572801,-0.19149831040592635,-1.4789287435545446,1.2625041946237932,0.0883166557877375,7.2,"Strong profitability (ROE 39%, op margin 34%); constructive price momentum. Valuation looks stretched.",,193.0,61.1,174.34,127.75,51.1,1.5,3.0,BUY,14,BUY,18
KLIC,,"Kulicke and Soffa Industries, I","Kulicke and Soffa Industries, Inc.",Technology,Semiconductor Equipment & Materials,Singapore,5273204736.0,4794749952.0,46.22477,17.070026,,5.782738,5.5494976,24.983,5.046,0.13231,0.08999,0.20661,0.121800005,0.52641,0.20198,1.226,,,,0.0418,3.444,2.637,516572992.0,38118000.0,57164124.0,55116000.0,1.622,0.03496,0.94621,52329115.0,50555158.0,0.0529,100.77,135.8,35.02,863623.0,none,True,-0.28351138752111865,0.75,0.23419159653030172,-0.8338250042083365,0.4441805262721487,0.058129758558596784,7.2,Solid growth (revenue +123%); constructive price momentum. Valuation looks stretched.,,100.77,69.9,88.09,83.06,21.3,24.7,7.0,BUY,9,SELL,10
CART,,Maplebear Inc.,Maplebear Inc.,Consumer Cyclical,Internet Retail,United States,10502003712.0,9627878400.0,24.048912,9.036163,1.7351,4.4409876,2.6301036,15.405,2.411,0.16001,0.09364,0.14094,0.120459996,0.72577006,0.15652001,0.141,0.081,,-0.043,0.01348,2.279,1.969,850000000.0,34000000.0,917875008.0,1232000000.0,0.799,0.11013,0.79167,237333400.0,163545537.0,0.1058,44.25,52.68,32.73,4076266.0,buy,True,-0.2858096900662382,-0.450819043269958,0.856060043499737,0.19211609807945218,0.22536322632612818,0.05565291906579753,7.1,"Healthy balance sheet (D/E 0.01, CR 2.3); constructive price momentum. Growth is modest — more of a compounder.",,44.25,41.0,47.35,42.59,3.9,14.5,9.5,SELL,18,BUY,15
DAR,,Darling Ingredients Inc.,Darling Ingredients Inc.,Consumer Defensive,Packaged Foods,United States,9932114944.0,14000095232.0,16.563158,9.953443,,1.8933878,1.5166628,12.424,2.138,0.12126,0.03541,0.12892,0.091309994,0.26333,0.17208,0.164,29.14,,29.591,0.78609,1.565,0.771,163742000.0,4171198976.0,219643008.0,1351406976.0,1.029,0.01197,1.07911,157802916.0,155642594.0,0.0432,62.94,69.98,29.15,2368855.0,strong_buy,True,-0.8543934568567696,1.4330129040245847,-0.7593826908906238,0.5721419757494128,0.9554611856808721,0.04568387187291487,7.0,"Solid growth (revenue +16%, EPS +2914%); constructive price momentum. Profitability is the softer spot.",,62.94,49.0,63.47,56.21,12.0,7.9,9.0,SELL,29,BUY,68
JOE,,St. Joe Company (The),The St. Joe Company,Real Estate,Real Estate - Diversified,United States,3722112768.0,4164784896.0,30.5514,594.3636,,4.874012,6.7941604,19.695,7.602,0.16246,0.06761,0.34486,0.22461,0.44053,0.38599,0.23,0.392,,0.371,0.71346,3.839,3.387,117315000.0,551481024.0,118878000.0,216796000.0,1.294,0.00356,0.89,56930451.0,54801821.0,0.0494,65.38,73.54,46.37,241328.0,none,True,0.37816538587818055,0.1664292971803559,0.07394817368659305,-1.0935634993682157,0.5821170994896891,0.03861531354944351,6.9,"Constructive price momentum; strong profitability (ROE 16%, op margin 34%). Valuation looks stretched.",,65.38,49.4,65.82,65.4,-0.0,10.2,8.0,SELL,23,SELL,28
MOG-A,,Moog Inc.,Moog Inc.,Industrials,Aerospace & Defense,United States,12438217728.0,13516941312.0,33.33871,32.717632,,5.5950027,2.8805666,21.374,3.13,0.18106002,0.07038,0.14516,0.087340005,0.28204,0.14646,0.152,1.59,,1.599,0.51557,2.087,1.261,66821000.0,1145543936.0,333472640.0,485609984.0,0.969,0.0185,1.0502601,28443048.0,28620602.0,0.0335,392.73,448.85,192.33,272920.0,none,True,-0.666353656260806,1.3329465406015717,-0.2232492749023597,-0.6701207486336163,0.8201674151504583,0.018008478009041692,6.8,"Solid growth (revenue +15%, EPS +159%); constructive price momentum. Valuation looks stretched.",,392.73,58.9,389.88,342.6,14.6,11.8,10.0,BUY,6,BUY,19
APPF,,"AppFolio, Inc.","AppFolio, Inc.",Technology,Software - Application,United States,7188587008.0,7002676736.0,46.55275,24.073679,,13.662494,6.906239,35.967,6.728,0.3209,0.18747999,0.18845,0.15134,0.63532,0.18705,0.193,0.182,,0.155,0.06799000000000001,3.831,3.349,221684992.0,35775000.0,198919872.0,272899008.0,0.848,0.03954,0.99351996,24087367.0,23188567.0,0.097399995,202.97,265.02,142.56,364569.0,strong_buy,True,0.38578080784423774,-0.1635243423963985,0.6208778482220457,-1.4468028663177563,-0.020225802575658786,0.012040898733236759,6.8,"Healthy balance sheet (D/E 0.07, CR 3.8); strong profitability (ROE 32%, op margin 19%). Valuation looks stretched.",,202.97,45.4,206.46,185.74,9.3,22.6,10.0,SELL,5,BUY,9
CR,,Crane Company,Crane Company,Industrials,Specialty Industrial Machinery,United States,12034033664.0,12801634304.0,36.33508,26.596119,2.3153,5.5260644,4.644014,17.142,4.94,0.16521999,0.12728,0.35463002,0.1297,0.46965,0.2882,0.256,0.106,,0.11,0.51181,2.804,1.756,350400000.0,1115699968.0,363750016.0,428800000.0,1.084,0.1446,0.79929,57800356.0,57153570.0,0.0217,208.2,230.5,159.58,422912.0,none,True,0.2416229611015308,-0.08900223693941539,0.05112580972717504,-0.810318779224338,0.5409396026321462,-0.03148305522464424,6.7,"Constructive price momentum; strong profitability (ROE 17%, op margin 35%). Valuation looks stretched.",,208.2,55.7,209.35,197.04,5.7,8.1,9.0,SELL,47,BUY,17
ACAD,,ACADIA Pharmaceuticals Inc.,Acadia Pharmaceuticals Inc.,Healthcare,Biotechnology,United States,3437495296.0,2554875136.0,8.946189,22.452816,,2.6281123,3.0189378,25.966,2.244,0.35743,0.03637,0.12286,0.33416,0.62061,0.08641,0.164,0.133,,0.181,0.05652,3.388,3.107,956473984.0,73854000.0,68647000.0,160319008.0,0.857,0.0033000002,0.9965,172305518.0,128350380.0,0.0887,19.95,30.96,19.59,1796111.0,buy,True,0.07193381439106794,-0.24729981826492065,0.31728271484347315,-0.12529884116517948,-1.3676773026983744,-0.048102822847737134,6.6,"Healthy balance sheet (D/E 0.06, CR 3.4); strong profitability (ROE 36%, op margin 12%). Recent price action is soft.",,19.95,16.3,26.95,24.4,-18.2,34.7,3.0,SELL,21,SELL,2
AEIS,,"Advanced Energy Industries, Inc","Advanced Energy Industries, Inc.",Industrials,Electrical Equipment & Parts,United States,12186548224.0,12166848512.0,54.335716,19.836073,,8.358652,5.9802475,34.467,5.971,0.16267,0.06252,0.17018,0.10767,0.3996,0.17322999,0.3,0.934,,1.147,0.94568,3.79,2.83,1396700032.0,1376999936.0,34187500.0,238200000.0,1.304,0.010570001,1.03056,40050442.0,39646734.0,0.0623,304.28,397.44,169.36,599887.0,strong_buy,True,-0.5229119500240768,1.0742776901368245,-0.31737969896597584,-1.3548126665715112,0.26652805567274995,-0.15754458441660002,6.5,"Solid growth (revenue +30%, EPS +93%); constructive price momentum. Valuation looks stretched.",,304.28,61.9,289.21,305.23,-0.3,21.8,6.5,BUY,2,SELL,18
DUOL,,"Duolingo, Inc.","Duolingo, Inc.",Technology,Software - Application,United States,6721989120.0,5522124800.0,17.073374,18.885857,,4.7815857,5.870723,30.845,4.823,0.3442,0.056420002,0.11684,0.35875,0.72717005,0.15636,0.183,-0.275,,-0.26,0.0611,2.719,2.509,1313865984.0,86136000.0,300198016.0,430548000.0,0.89,0.01498,0.99745005,40237065.0,39972785.0,0.1872,144.27,353.0,87.89,1175926.0,hold,True,0.3297445635460732,-0.6896622361031465,0.3971851105243557,-0.5618968769417564,-0.839357699968219,-0.10044832887055016,6.5,"Healthy balance sheet (D/E 0.06, CR 2.7); strong profitability (ROE 34%, op margin 12%). Recent price action is soft.",,144.27,49.8,142.46,127.38,13.3,58.5,8.0,SELL,18,BUY,7
CRVL,,CorVel Corp.,CorVel Corporation,Financial Services,Insurance Brokers,United States,3812485632.0,3584996608.0,33.54222,,,9.3391905,3.8754973,19.47,3.644,0.30697,0.14682001,0.16674,0.11724,0.24792999,0.18716998,0.107,0.212,,0.183,0.06944,1.941,1.411,255883008.0,28394000.0,91710128.0,150550000.0,0.972,0.3891,0.56156,50516571.0,30857542.0,0.1158,75.47,79.43,44.83,188249.0,none,True,-0.09441842086194603,-0.3287545266621734,-0.25317458030903883,-0.2902918830203959,1.1246695069796715,-0.16111811010546268,6.4,"Constructive price momentum; strong profitability (ROE 31%, op margin 17%). Growth is modest — more of a compounder.",,75.47,70.6,67.91,61.38,22.9,2.7,2.0,BUY,36,BUY,14
FSS,,Federal Signal Corporation,Federal Signal Corporation,Industrials,Farm & Heavy Construction Machinery,United States,7101580800.0,7524580864.0,25.073277,20.13151,1.4142,4.7105026,2.901091,15.055,3.074,0.20608,0.117510006,0.17650999,0.11659,0.29167998,0.20417999,0.187,0.207,,0.206,0.32223,2.739,1.124,62800000.0,485800000.0,194724992.0,372500000.0,1.226,0.02568,1.04881,61041611.0,59512519.0,0.0876,116.34,134.51,101.19,438673.0,none,True,-0.27962510005925273,-0.1349539016694143,-0.18468656917232357,-0.05166248463069184,-0.13295686819245245,-0.17819486383243666,6.3,"Reasonable valuation (P/E 25, PEG 1.4); constructive price momentum. Profitability is the softer spot.",,116.34,51.5,119.31,115.62,0.6,13.1,9.5,SELL,25,BUY,14
AWI,,Armstrong World Industries Inc,"Armstrong World Industries, Inc.",Industrials,Building Products & Equipment,United States,6893911552.0,7395312128.0,22.284151,17.030909,,7.807773,4.066245,16.46,4.362,0.36618,0.10623,0.21568,0.18597001,0.40308997,0.26501,0.112,0.124,,0.101,0.65589,1.519,0.971,78600000.0,580000000.0,220824992.0,358800000.0,1.164,0.01548,1.04459,42262826.0,41547316.0,0.0419,163.12,206.08,150.28,432260.0,buy,True,0.32813174881864243,-0.4151702990464209,-0.6395537174294297,-0.040556688206929994,-0.7884502106652151,-0.2107474932376702,6.2,"Strong profitability (ROE 37%, op margin 22%); reasonable valuation (P/E 22). Recent price action is soft.",,163.12,44.4,171.77,172.25,-5.3,19.9,8.0,SELL,24,BUY,9
BRC,,Brady Corporation,Brady Corporation,Industrials,Security & Protection Services,United States,3976115456.0,3872559360.0,19.579678,11.75052,,2.9289021,2.3929942,11.256,2.331,0.1611,0.10428,0.19734,0.12361,0.51748,0.20707001,0.1,-0.085,,-0.086,0.06158,1.937,1.26,187148992.0,83593000.0,166669376.0,244127008.0,0.607,0.03661,0.88026,43360586.0,42191002.0,0.0238,84.78,99.29,70.57,213011.0,strong_buy,True,-0.20171383496727513,-0.6714727868753966,-0.17229820212284366,0.4322840191485728,-0.015925722214502294,-0.20741058097818177,6.2,Reasonable valuation (P/E 20); constructive price momentum. Growth is modest — more of a compounder.,,84.78,41.9,90.58,86.71,-2.2,13.7,8.0,SELL,32,BUY,18
LECO,,"Lincoln Electric Holdings, Inc.","Lincoln Electric Holdings, Inc.",Industrials,Tools & Accessories,United States,14955289600.0,15914964992.0,27.465467,21.905537,1.4843,9.622642,3.3374603,17.983,3.552,0.37736,0.12975,0.18243,0.12353,0.36051998,0.1975,0.12,0.125,,0.105,0.77347,1.982,1.02,242443008.0,1202118016.0,307077120.0,687585984.0,1.221,0.0152,0.83015,54505757.0,53521383.0,0.0226,274.38,310.0,216.22,421550.0,buy,True,0.10233612401306132,-0.3939610925854301,-0.5025837630908058,-0.2743476752654418,0.35008834490843826,-0.21708311075953496,6.1,"Constructive price momentum; strong profitability (ROE 38%, op margin 18%). Balance sheet worth monitoring.",,274.38,57.1,271.19,264.12,3.9,8.2,8.5,BUY,6,SELL,28
SPXC,,"SPX Technologies, Inc.","SPX Technologies, Inc.",Industrials,Building Products & Equipment,United States,8669361152.0,9117661184.0,30.420034,17.842968,0.9767,3.691169,3.501499,17.473,3.683,0.14684,0.06755,0.17673,0.11265001,0.40287998,0.21075001,0.229,0.41,,0.502,0.26175,1.825,1.137,166400000.0,614700032.0,234024992.0,421900000.0,1.269,0.03073,0.96853995,50085860.0,48996993.0,0.035099998,173.09,251.08,166.17,535338.0,strong_buy,True,-0.44940205462851385,0.24434934204573694,-0.26051743596434046,-0.11703687788397543,-1.2222153315788655,-0.2175289381297446,6.0,"Solid growth (revenue +23%, EPS +41%); reasonable valuation (P/E 30, PEG 1.0). Recent price action is soft.",,173.09,34.7,196.67,211.44,-18.1,29.8,5.5,SELL,23,SELL,3
EXPO,,"Exponent, Inc.","Exponent, Inc.",Industrials,Engineering & Construction,United States,3199851520.0,3213943552.0,31.302326,24.739374,,11.083663,5.6421633,23.316,5.667,0.31204,0.11293,0.18823999,0.19708,0.36416999,0.24305001,0.12,0.157,,0.107,0.27968,1.977,1.806,66629000.0,80721000.0,76945872.0,118148000.0,0.685,0.01244,1.00928,47546084.0,46899933.0,0.0865,67.3,81.95,51.91,505033.0,buy,True,0.16954763731252587,-0.37299603444233553,-0.3376100488345609,-0.7247539992112941,0.03526975439966291,-0.23373684178717732,5.9,"Strong profitability (ROE 31%, op margin 19%); constructive price momentum. Valuation looks stretched.",,67.3,51.0,67.56,66.49,1.2,15.7,9.5,BUY,2,BUY,7
RSI,,"Rush Street Interactive, Inc.","Rush Street Interactive, Inc.",Consumer Cyclical,Gambling,United States,4887383040.0,2127228160.0,64.548386,23.830223,,12.482844,3.575416,11.842,1.556,0.30279,0.12832,0.1174,0.02335,0.34967998,0.13142,0.463,-0.187,,-0.308,0.015189999999999999,2.116,1.922,345415008.0,5148000.0,127112000.0,182676992.0,1.512,0.026600001,1.10707,115626347.0,106622523.0,0.082600005,20.01,34.53,15.51,2904568.0,strong_buy,True,-0.43977561095514067,-0.013427971030193997,-0.03749537157657244,-0.6423646541973956,-0.7695200709662959,-0.279494220616158,5.8,"Solid growth (revenue +46%, EPS -19%); healthy balance sheet (D/E 0.02, CR 2.1). Recent price action is soft.",,20.01,27.1,25.2,24.0,-16.6,42.0,3.5,SELL,48,SELL,9
EXLS,,"ExlService Holdings, Inc.","ExlService Holdings, Inc.",Technology,Information Technology Services,United States,5420146688.0,5626488832.0,22.626581,13.765779,0.9053,6.262042,2.4226134,14.84,2.515,0.25944,0.1201,0.14609,0.11174,0.38511002,0.16946,0.156,0.05,,-0.023,0.56585,1.244,1.109,283824000.0,490166016.0,262332752.0,327708000.0,0.81,0.026870001,1.04063,151612499.0,146384900.0,0.075100005,35.75,43.88,24.85,2220990.0,strong_buy,True,-0.2394707579698109,-0.4249205696183737,-0.5464967213182269,0.3055351257306844,0.21175044358255046,-0.25827775908636325,5.8,"Reasonable valuation (P/E 23, PEG 0.9); constructive price momentum. Balance sheet worth monitoring.",,35.75,53.1,35.3,33.04,8.2,17.7,10.0,SELL,19,BUY,10
AIT,,Applied Industrial Technologies,"Applied Industrial Technologies, Inc.",Industrials,Industrial Distribution,United States,12616257536.0,12960536576.0,30.969343,25.965553,2.7789,6.973746,2.5401762,21.064,2.609,0.22368999,0.11102,0.117740005,0.083459996,0.30337998,0.12389,0.104,0.134,,0.1,0.25967,2.578,1.612,127130000.0,483444000.0,362843616.0,484081984.0,0.834,0.00791,0.98486,36733895.0,36377741.0,0.028099999,343.45,374.8,238.34,282009.0,strong_buy,True,-0.5538264844425664,-0.4279542043634653,0.15318630497020227,-0.7295606582356593,0.7881674913312426,-0.3048656443498724,5.7,"Constructive price momentum; healthy balance sheet (D/E 0.26, CR 2.6). Valuation looks stretched.",,343.45,61.8,337.63,303.37,13.2,5.1,7.5,BUY,5,BUY,63
DY,,"Dycom Industries, Inc.","Dycom Industries, Inc.",Industrials,Engineering & Construction,United States,8256561664.0,10953271296.0,25.0,13.172305,,3.9996786,1.2000729,11.753,1.592,0.19197,0.071,0.09571,0.0479,0.20528999,0.13545999,0.456,0.144,,0.186,1.47703,2.348,2.205,351748992.0,3048457984.0,326561504.0,718107008.0,1.489,0.01263,0.93942,30160957.0,25356317.0,0.0538,273.75,566.47,263.36,580642.0,strong_buy,True,-0.864958610767411,0.43667013416730294,-0.5855055855881987,0.38875499617805787,-1.3600424846593473,-0.3063853208917059,5.6,"Solid growth (revenue +46%, EPS +14%); reasonable valuation (P/E 25). Recent price action is soft.",,273.75,33.9,341.46,388.46,-29.5,48.9,4.5,SELL,83,SELL,6
BCPC,,Balchem Corporation,Balchem Corporation,Basic Materials,Specialty Chemicals,United States,5309602816.0,5413144064.0,32.27907,26.554642,3.2598,4.08676,4.889673,20.092,4.985,0.12793,0.08234999,0.20853001,0.15141,0.36294997,0.2481,0.112,0.188,,0.166,0.12801,2.665,1.456,63174000.0,166715008.0,134847504.0,219619008.0,0.811,0.00492,0.93779,31878021.0,31686434.0,0.026700001,166.56,183.9,139.17,202525.0,none,True,-0.2776233686219644,-0.3410964825039252,-0.0865841634535924,-1.0411322104216063,0.3272217796041279,-0.33001591465900326,5.5,"Constructive price momentum; healthy balance sheet (D/E 0.13, CR 2.7). Valuation looks stretched.",,166.56,44.4,171.94,168.02,-0.9,9.1,7.0,SELL,18,BUY,38
GOLF,,Acushnet Holdings Corp.,,Consumer Cyclical,Leisure,United States,4885581824.0,5906509824.0,22.669376,19.747404,,5.2829356,1.8042572,15.803,2.181,0.25239,0.0825,0.16048001,0.081190005,0.47506002,0.13803001,0.138,0.664,,0.652,1.17199,2.55,1.117,66641000.0,1085628032.0,45248500.0,270206016.0,0.803,0.53095,0.55855,58405044.0,27140824.0,0.1291,83.65,119.65,75.16,357830.0,none,True,-0.39046346466572485,0.2712352233063558,-1.0149790767672087,0.09631744371557585,-0.903096212036064,-0.33378219680939747,5.5,"Solid growth (revenue +14%, EPS +66%); reasonable valuation (P/E 23). Balance sheet worth monitoring.",,83.65,43.0,89.2,94.52,-11.5,29.4,6.0,SELL,52,SELL,9
BOOT,,"Boot Barn Holdings, Inc.","Boot Barn Holdings, Inc.",Consumer Cyclical,Apparel Retail,United States,3691116800.0,4357903872.0,15.427848,12.230967,,2.79599,1.5751742,11.22,1.86,0.19174999,0.08156,0.12776,0.103520006,0.37824002,0.16574,0.177,0.316,,0.313,0.59323,2.53,0.39,139262000.0,806049024.0,12682000.0,314896000.0,1.703,0.00511,1.18522,30284844.0,30124637.0,0.1266,121.88,210.25,119.21,679571.0,strong_buy,True,-0.520265298340587,-0.0338472780402563,-0.8020590891477959,0.5641762690249029,-1.3744913042403435,-0.3491543061574709,5.4,"Reasonable valuation (P/E 15); solid growth (revenue +18%, EPS +32%). Recent price action is soft.",,121.88,34.6,147.35,165.17,-26.2,41.4,4.5,SELL,23,SELL,30
CACI,,"CACI International, Inc.",CACI International Inc,Technology,Information Technology Services,United States,13592134656.0,18783647744.0,25.44642,16.342155,,3.0456421,1.4206154,15.798,1.963,0.12824,0.057600003,0.100509994,0.055999998,0.33203998,0.12427,0.176,-0.012,,-0.007,1.20656,1.484,1.246,192986000.0,5384532992.0,610367104.0,886710016.0,0.571,0.01018,1.04704,22099597.0,21864400.0,0.0561,615.04,683.5,434.7,276063.0,buy,True,-0.9293293613701548,-0.40886932266760345,-0.4306536692202976,0.16624644363311622,0.6555853283659153,-0.4309633234197585,5.3,Constructive price momentum; reasonable valuation (P/E 25). Profitability is the softer spot.,,615.04,49.0,609.11,562.36,9.4,9.6,9.0,BUY,50,BUY,9
BDC,,Belden Inc,Belden Inc.,Technology,Communication Equipment,United States,4394733568.0,5390050304.0,17.571875,11.206866,,3.1658363,1.5340065,11.852,1.881,0.18643999,0.059609998,0.113579996,0.08522,0.37185,0.15875,0.116,0.137,,0.123,0.97069,2.135,1.352,348655008.0,1343971968.0,99734624.0,375952000.0,1.09,0.0156,1.08772,39078191.0,38348210.0,0.16700001,112.46,159.99,98.0,460457.0,strong_buy,True,-0.6645519191719672,-0.3862489783508958,-0.8359064912324607,0.5376811875516937,-0.7792386811658195,-0.4632141990729661,5.2,"Reasonable valuation (P/E 18); solid growth (revenue +12%, EPS +14%). Balance sheet worth monitoring.",,112.46,47.6,118.72,119.21,-5.7,25.5,7.0,SELL,31,BUY,9
AGYS,,"Agilysys, Inc.","Agilysys, Inc.",Technology,Software - Application,United States,2799706624.0,2687408384.0,66.17333,31.006638,2.2807,8.2510395,8.475895,55.124,8.136,0.13802,0.05505,0.11107001,0.12986,0.63057,0.14759,0.143,0.882,,0.839,0.054509999999999996,1.741,1.604,123709000.0,18443000.0,57453376.0,82176000.0,0.379,0.03629,1.06853,28205788.0,26862117.0,0.0735,99.26,145.25,61.5,262401.0,none,True,-0.5383248085612993,0.5169684276374926,-0.2927663032138148,-2.16487382413947,-0.14409569355434546,-0.4373827697611081,5.2,"Solid growth (revenue +14%, EPS +88%); constructive price momentum. Valuation looks stretched.",,99.26,40.9,107.8,92.61,7.2,29.7,9.0,SELL,19,BUY,18
ATEN,,"A10 Networks, Inc.","A10 Networks, Inc.",Technology,Software - Infrastructure,United States,2006187264.0,1874923264.0,47.63793,23.291689,,8.41352,6.4679413,27.952,6.045,0.19444999,0.04995,0.11261,0.13854,0.79379,0.21625,0.155,-0.143,,-0.157,0.9500700000000001,1.29,1.147,357348000.0,226084000.0,61384500.0,76856000.0,1.119,0.016,1.08563,72609021.0,71315128.0,0.18969999,27.63,38.49,16.52,1279963.0,buy,True,-0.21733956824439546,-0.6179304427986321,-1.0749767995405033,-1.1791397534753343,0.015925722214502294,-0.6645033579686774,5.1,"Constructive price momentum; strong profitability (ROE 19%, op margin 11%). Valuation looks stretched.",,27.63,58.0,27.03,25.64,7.7,27.5,9.0,BUY,12,SELL,10
BROS,,Dutch Bros Inc.,Dutch Bros Inc.,Consumer Cyclical,Restaurants,United States,6782579712.0,6449788416.0,53.70833,28.972801,1.3012,6.684529,3.6030464,20.025,3.426,0.14562,0.03788,0.12876001,0.04907,0.25097,0.1711,0.325,0.373,,0.46,1.23827,1.35,1.103,269072000.0,1207328000.0,1719625.0,365696992.0,2.288,0.051810004,0.9565,137940798.0,130180249.0,0.3978,38.67,74.024,37.4,3900704.0,strong_buy,True,-0.894070374144272,0.42094571460695235,-1.3531492989742864,-0.9573166752307183,-1.358878661829481,-0.7128134427111968,5.0,"Solid growth (revenue +32%, EPS +37%); strong profitability (ROE 15%, op margin 13%). Recent price action is soft.",,38.67,27.1,49.12,55.57,-30.4,47.3,3.5,SELL,58,SELL,9
