ticker,error,name,long_name,sector,industry,country,market_cap,enterprise_value,pe_ratio,forward_pe,peg_ratio,price_to_book,price_to_sales,ev_to_ebitda,ev_to_revenue,roe,roa,operating_margin,profit_margin,gross_margin,ebitda_margin,revenue_growth,earnings_growth,quarterly_revenue_growth,quarterly_earnings_growth,debt_to_equity,current_ratio,quick_ratio,total_cash,total_debt,free_cash_flow,operating_cash_flow,beta,insider_ownership,institutional_ownership,shares_outstanding,float_shares,short_percent,price,week52_high,week52_low,avg_volume,recommendation,passed_filters,quality_score,growth_score,health_score,valuation_score,momentum_score,composite_score,multibagger_score,rationale
INSW,,"International Seaways, Inc.","International Seaways, Inc.",Energy,Oil & Gas Midstream,United States,5934841856.0,6178210816.0,7.661125,12.528663,,2.6193027,4.705065,7.621,4.898,0.37412,0.15758,0.64219004,0.61767,0.725,0.64269996,1.401,3.731,,3.784,0.28815,5.944,5.648,409396992.0,652766016.0,69650376.0,633065984.0,-0.102,0.16228001,0.84802,49531311.0,41484454.0,0.0842,119.82,122.7494,42.26,634060.0,strong_buy,True,2.009982017334235,2.25,1.1812100760335702,0.5109831508374059,1.3212245293132057,1.6035058232999344,10.0,"Solid growth (revenue +140%, EPS +373%); strong profitability (ROE 37%, op margin 64%). Valuation looks stretched."
SEZL,,Sezzle Inc.,Sezzle Inc.,Financial Services,Credit Services,United States,4331954176.0,4374311936.0,28.210527,19.349218,0.0646,18.589596,8.144501,13.86,8.224,0.88851,0.48792,0.57167,0.3035,0.74967,0.59336,0.517,0.5,,0.477,0.52416,4.017,3.835,79757000.0,122115000.0,100542000.0,275596992.0,6.729,0.44062,0.45036,33675014.0,18691653.0,0.24190001,128.64,195.71,49.5,620915.0,buy,True,2.348476573758388,0.9524270097385175,0.33309324078066904,-0.23004650517077505,0.06404551638143578,0.9946183348007686,9.9,"Strong profitability (ROE 89%, op margin 57%); solid growth (revenue +52%, EPS +50%). Valuation looks stretched."
HL,,Hecla Mining Company,Hecla Mining Company,Basic Materials,Other Precious Metals & Mining,United States,11467086848.0,11003262976.0,21.607594,16.532686,,4.2824883,6.5752516,11.35,6.309,0.22173999,0.15305,0.4427,0.19150999,0.61395,0.5559,0.524,0.929,,1.043,0.008020000000000001,5.197,4.411,485340000.0,21478000.0,342344736.0,734268992.0,1.373,0.0055400003,0.76792,671768431.0,668288671.0,0.0641,17.07,34.17,11.81,38309990.0,buy,True,1.0996528719751533,1.5192049110393977,1.3542351752934665,-0.10371259791471957,-0.8469517135822097,0.9903514078094435,9.8,"Solid growth (revenue +52%, EPS +93%); healthy balance sheet (D/E 0.01, CR 5.2). Recent price action is soft."
INVA,,"Innoviva, Inc.","Innoviva, Inc.",Healthcare,Biotechnology,United States,1532326784.0,1284509696.0,4.955607,9.597284,0.2486,1.2492636,3.4825766,6.574,2.919,0.36676,0.06949,0.43277,0.8119,0.72670996,0.44405997,0.193,,,,0.26859,16.007,14.654,579056000.0,331239008.0,110332496.0,191494000.0,0.384,0.01007,1.08773,72245485.0,67651395.0,0.1287,21.21,25.15,16.52,789549.0,none,True,1.5137611039290968,0.0,1.3751946319378776,0.9952758573448663,0.07052543686857682,0.9507446396083571,9.8,"Strong profitability (ROE 37%, op margin 43%); healthy balance sheet (D/E 0.27, CR 16.0). Growth is modest — more of a compounder."
MGY,,Magnolia Oil & Gas Corporation,Magnolia Oil & Gas Corporation,Energy,Oil & Gas E&P,United States,6620151296.0,5828135936.0,10.570176,8.067864,,2.0397801,4.4734225,5.669,3.938,0.20854001,0.11788999,0.50688,0.28773,0.8222,0.69472003,0.501,1.366,,1.327,0.19243,1.583,1.572,295937984.0,413131008.0,332475744.0,1037092992.0,0.793,0.14339,0.89699996,269171592.0,202958860.0,0.1195,24.1,32.76,21.065,5118800.0,buy,True,1.3709359486428427,1.902218570767753,-0.041018949361813106,0.6466225871749207,-0.7747020294861086,0.9348389765462706,9.7,"Solid growth (revenue +50%, EPS +137%); strong profitability (ROE 21%, op margin 51%). Recent price action is soft."
AMG,,"Affiliated Managers Group, Inc.","Affiliated Managers Group, Inc.",Financial Services,Asset Management,United States,10014517248.0,13876617216.0,13.569026,9.044535,0.6127,3.314277,4.411293,22.181,6.113,0.24257,0.0312,0.30357,0.37719002,0.50273,0.27557,0.299,1.482,,1.205,0.7609600000000001,101.314,101.314,502800000.0,3199000064.0,277175008.0,1071800000.0,1.073,0.042340003,1.0056701,25859933.0,24845965.0,0.0525,387.26,393.42,231.53,279229.0,strong_buy,True,0.4480511656793978,1.443509376239824,1.2654441796946274,0.2506528432609663,1.316295957811894,0.9150664630671718,9.6,"Solid growth (revenue +30%, EPS +148%); constructive price momentum. Valuation looks stretched."
HLNE,,Hamilton Lane Incorporated,Hamilton Lane Incorporated,Financial Services,Asset Management,United States,5741780480.0,4450024448.0,13.059451,11.633022,,3.9066987,6.6891985,11.579,5.184,0.32416,0.10783,0.45933998,0.32141998,0.6066,0.44772997,0.565,0.505,,0.497,0.21558,4.111,3.982,337017984.0,364790016.0,231402752.0,373135008.0,1.245,0.11453,1.10193,43349167.0,39859879.0,0.1182,85.67,155.66,71.88,661058.0,strong_buy,True,1.3069984694701793,0.9676694925589483,0.768500200594157,0.1492180146591954,-1.0572424038354384,0.7956625461364375,9.5,"Strong profitability (ROE 32%, op margin 46%); solid growth (revenue +56%, EPS +50%). Recent price action is soft."
EXEL,,"Exelixis, Inc.","Exelixis, Inc.",Healthcare,Biotechnology,United States,14832211968.0,14158755840.0,18.88328,14.005615,,8.080454,6.0889573,13.877,5.812,0.44393003,0.23974001,0.39513,0.35331002,0.96483004,0.41886002,0.106,0.262,,0.147,0.08999,3.456,3.244,839385024.0,165928992.0,739715136.0,1183422976.0,0.466,0.01845,1.06729,247781692.0,213602685.0,0.1555,59.86,61.14,33.76,2340714.0,buy,True,2.0213602119940837,-0.31892328174084206,1.2721823160058698,-0.019687134788744842,1.2904011996357678,0.9062898119279588,9.5,"Strong profitability (ROE 44%, op margin 40%); constructive price momentum. Growth is modest — more of a compounder."
LGND,,Ligand Pharmaceuticals Incorpor,Ligand Pharmaceuticals Incorporated,Healthcare,Biotechnology,United States,6016765952.0,5790460928.0,31.802952,25.256573,,6.213918,20.708763,43.534,19.93,0.21962,0.039920002,0.13488,0.6788,0.81198996,0.4578,0.337,8.25,,9.008,1.16944,31.178,30.826,1357757952.0,1131453056.0,139748880.0,131714000.0,1.008,0.0232,1.16126,19935609.0,19487257.0,0.1611,301.81,326.63,175.89,259129.0,none,True,0.7619189566295672,1.832625580015855,0.8000686440987634,-1.5861635615415552,0.9394245300358344,0.6957959352880833,9.4,"Solid growth (revenue +34%, EPS +825%); constructive price momentum. Valuation looks stretched."
PARR,,"Par Pacific Holdings, Inc. Comm","Par Pacific Holdings, Inc.",Energy,Oil & Gas Refining & Marketing,United States,4102658560.0,5088298496.0,4.7805023,5.442147,,2.0353937,0.476013,3.97,0.59,0.53489,0.16871001,0.21122,0.09942,0.23056,0.1487,0.568,6.991,,6.772,0.5616599999999999,1.84,0.524,184996992.0,1134023040.0,82314872.0,555019008.0,0.754,0.026300002,1.03926,50099627.0,48727398.0,0.115200005,81.89,89.45,33.43,976653.0,buy,True,0.27702093640406683,2.25,-0.7906369753790146,1.2231472807578065,1.027842458005765,0.6828112520904257,9.3,"Solid growth (revenue +57%, EPS +699%); reasonable valuation (P/E 5). Balance sheet worth monitoring."
HRMY,,"Harmony Biosciences Holdings, I","Harmony Biosciences Holdings, Inc.",Healthcare,Biotechnology,United States,2345761792.0,1838161920.0,12.993548,5.750556,,2.3428137,2.4437616,7.181,1.915,0.20456,0.1162,0.34183997,0.18884,0.75424004,0.26668,0.303,0.882,,0.896,0.16030999999999998,3.479,3.327,667790976.0,160191008.0,182835504.0,355076992.0,1.009,0.01217,0.9962,58236393.0,52094783.0,0.1269,40.28,43.49,25.52,896106.0,buy,True,0.46705290369621855,0.9165883220658293,0.4893169494517262,0.8049792744103954,0.8978190685328689,0.6572300335764572,9.2,"Solid growth (revenue +30%, EPS +88%); constructive price momentum. Profitability is the softer spot."
KRYS,,"Krystal Biotech, Inc.","Krystal Biotech, Inc.",Healthcare,Biotechnology,United States,9815269376.0,8978492416.0,41.555138,35.78485,,7.221,22.282919,45.052,20.383,0.20124,0.093669996,0.48999,0.54818,0.94639,0.45244,0.241,0.388,,0.429,0.00651,8.318,7.726,845630976.0,8853000.0,151739744.0,272337984.0,0.498,0.10659,1.0247,29598836.0,23618391.0,0.19229999,331.61,382.535,179.19,378573.0,strong_buy,True,1.513848995417894,0.21991216240114592,1.6103173185280797,-2.0164020799852516,0.6840703992813765,0.6434552768239555,9.2,"Healthy balance sheet (D/E 0.01, CR 8.3); strong profitability (ROE 20%, op margin 49%). Valuation looks stretched."
LQDA,,Liquidia Corporation,Liquidia Corporation,Healthcare,Drug Manufacturers - Specialty & Generic,United States,2450753280.0,2349468416.0,19.697842,11.810225,,12.502282,5.4351635,13.839,5.211,1.3181599,0.27039,0.49812,0.30739,0.92542,0.3765,18.427,,,,0.93738,2.312,2.075,284180992.0,182896000.0,74296128.0,167708000.0,0.61,0.0924,0.81921,89508891.0,65341490.0,0.1752,27.38,93.61,21.94,2504093.0,buy,True,2.1895873009676743,0.75,-0.6604233734864022,0.08128022108346292,-1.321265597484636,0.6253991002069895,9.1,"Strong profitability (ROE 132%, op margin 50%); solid growth (revenue +1843%). Recent price action is soft."
CARG,,"CarGurus, Inc.","CarGurus, Inc.",Communication Services,Internet Content & Information,United States,2569769984.0,2632775936.0,15.345745,9.543058,0.6569,9.749915,2.6567163,9.649,2.722,0.53470004,0.2502,0.25275,0.18189,0.92375,0.2821,0.131,1.41,,1.202,0.7003499999999999,1.85,1.515,122136000.0,185142000.0,241320752.0,318721984.0,1.217,0.02779,1.09125,75309865.0,72906642.0,0.1823,28.85,41.22,26.39,1149693.0,buy,True,1.3536026920912996,1.0090652375914584,-0.4714978078940287,0.7040722213494683,-1.05342552957919,0.5934122217752079,9.0,"Strong profitability (ROE 53%, op margin 25%); solid growth (revenue +13%, EPS +141%). Recent price action is soft."
SEIC,,SEI Investments Company,SEI Investments Company,Financial Services,Asset Management,United States,12566007808.0,12559865856.0,18.465609,15.022447,,5.025198,5.128489,16.533,5.126,0.27587998,0.14759,0.30706,0.28847998,0.78388,0.31004,0.147,-0.107,,-0.138,0.02383,5.059,4.765,421196000.0,67852000.0,377482240.0,712024000.0,0.973,0.15633,0.77752,120019182.0,99439493.0,0.026700001,104.7,112.15,75.08,765445.0,buy,True,0.9054178339890789,-0.6039976073545821,1.4346817386408632,-0.02399522272340655,0.8313176173261385,0.51726298047609,8.9,"Healthy balance sheet (D/E 0.02, CR 5.1); strong profitability (ROE 28%, op margin 31%). Growth is modest — more of a compounder."
CNS,,Cohen & Steers Inc,"Cohen & Steers, Inc.",Financial Services,Asset Management,United States,3561455360.0,3519229440.0,21.31077,17.912054,1.6881,6.0420485,6.0995107,17.335,6.027,0.27329,0.14536001,0.34554002,0.28824,0.47300997,0.3477,0.122,0.319,,0.339,0.19326000000000002,6.638,6.6,282608992.0,134390000.0,156940496.0,72166000.0,1.217,0.45828,0.57698,51421533.0,27687410.0,0.059499998,69.26,86.56,58.39,273717.0,hold,True,0.8368616105580676,-0.14532450501198493,1.489873500493971,-0.39249273673128304,-0.3985597970850897,0.5083938316739699,8.9,"Healthy balance sheet (D/E 0.19, CR 6.6); strong profitability (ROE 27%, op margin 35%). Recent price action is soft."
CRUS,,"Cirrus Logic, Inc.","Cirrus Logic, Inc.",Technology,Semiconductors,United States,5356063744.0,4595265536.0,13.048841,12.007596,,2.4626694,2.6129308,8.758,2.242,0.20903999,0.12163,0.18367,0.21004999,0.52785,0.25597,0.129,0.289,,0.266,0.0596,7.583,5.894,891262016.0,130464000.0,450997248.0,598595008.0,1.166,0.00563,1.07462,50117561.0,49635931.0,0.0799,106.87,180.42,106.26,813422.0,none,True,0.13043262527089458,-0.1862889755455351,1.9801705053492291,0.589513274811242,-1.5227278848158505,0.49989076701308566,8.8,"Healthy balance sheet (D/E 0.06, CR 7.6); reasonable valuation (P/E 13). Recent price action is soft."
ESNT,,Essent Group Ltd.,Essent Group Ltd.,Financial Services,Insurance - Specialty,Bermuda,5616382464.0,5414135296.0,8.86383,7.8518243,,0.9917002,4.2452126,6.307,4.092,0.12009,0.07202,0.6575,0.51452,0.76005995,0.64882004,0.136,0.078,,-0.029,0.08757,1.791,1.101,698219008.0,495972000.0,690249472.0,834083008.0,0.762,0.05505,0.97686,89876493.0,86662510.0,0.0544,62.49,70.37,55.34,672975.0,buy,True,1.3219313822144845,-0.4568579717378587,0.46281027871799574,0.684598092415044,-0.13111500047207073,0.4942014552480326,8.7,"Strong profitability (ROE 12%, op margin 66%); reasonable valuation (P/E 9). Growth is modest — more of a compounder."
MLI,,"Mueller Industries, Inc.","Mueller Industries, Inc.",Industrials,Metal Fabrication,United States,13427921920.0,12062882816.0,15.8098955,13.86073,,3.7849123,2.8808255,11.073,2.588,0.26325,0.16493,0.2181,0.18247,0.28776,0.23372,0.255,0.018,,0.015,0.0069099999999999995,4.775,3.655,1415988992.0,24684000.0,524939744.0,743283968.0,1.09,0.02122,0.94402003,221181388.0,216204807.0,0.0221,60.71,71.12,48.435,1496862.0,none,True,0.18065548660745315,-0.19612770526692425,1.372109520102973,0.4070378335527273,0.06354009390670642,0.4124247794194925,8.6,"Healthy balance sheet (D/E 0.01, CR 4.8); reasonable valuation (P/E 16). Growth is modest — more of a compounder."
RELY,,"Remitly Global, Inc.","Remitly Global, Inc.",Technology,Software - Infrastructure,United States,5107935744.0,4469806080.0,17.485506,14.940065,,4.5323067,2.8226423,22.438,2.47,0.32246,0.08542,0.14324,0.16855,0.61548,0.110080004,0.202,30.0,,30.504,0.03396,3.181,2.524,676393984.0,38264000.0,196120992.0,406121984.0,0.39,0.053200003,0.88634,211684054.0,200862765.0,0.0999,24.13,27.479,12.08,3517371.0,strong_buy,True,-0.09947178938812984,1.520789098750991,0.37745290527313624,0.04100266290572587,0.7821694818764319,0.4899778377192734,8.6,"Solid growth (revenue +20%, EPS +3000%); constructive price momentum. Profitability is the softer spot."
COCO,,"The Vita Coco Company, Inc.","The Vita Coco Company, Inc.",Consumer Defensive,Beverages - Non-Alcoholic,United States,3378687744.0,3086837504.0,32.25967,24.952991,,8.359342,4.785555,22.596,4.372,0.31370002,0.16974,0.29209998,0.15503,0.41127998,0.19349001,0.281,1.158,,1.159,0.03508,3.356,2.578,278640000.0,14062000.0,104597248.0,131693000.0,0.751,0.08605,0.95653,57864153.0,51889832.0,0.1588,58.39,85.83,38.07,1206875.0,buy,True,0.35756202427702366,1.1760911079636014,0.29678493665455435,-0.6464945411716798,-0.28071174406317007,0.36447785005873556,8.5,"Solid growth (revenue +28%, EPS +116%); strong profitability (ROE 31%, op margin 29%). Valuation looks stretched."
RMBS,,"Rambus, Inc.",Rambus Inc.,Technology,Semiconductors,United States,11656368128.0,10853223424.0,49.298164,28.48774,,7.9477887,15.411729,34.291,14.35,0.17789,0.11034001,0.36671,0.3169,0.80357003,0.41847,0.204,0.151,,0.167,0.014870000000000001,9.754,8.896,824947968.0,21803000.0,202302368.0,332704000.0,1.847,0.00767,0.94304,108461603.0,107615602.0,0.0598,107.47,174.1,77.89,2396290.0,strong_buy,True,0.9586396718325716,-0.15108103543642784,1.6732243455891183,-1.8790379267696156,-0.6319958228615792,0.35467224892942284,8.4,"Healthy balance sheet (D/E 0.01, CR 9.8); strong profitability (ROE 18%, op margin 37%). Valuation looks stretched."
NBIX,,"Neurocrine Biosciences, Inc.","Neurocrine Biosciences, Inc.",Healthcare,Drug Manufacturers - Specialty & Generic,United States,14478910464.0,14550709248.0,20.88563,11.992555,0.2824,3.9181383,4.291446,15.932,4.313,0.22089,0.11704001,0.2219,0.20910999,0.6448,0.2707,0.395,0.311,,0.343,0.12497,1.872,1.46,389800000.0,461600000.0,638237504.0,898099968.0,0.4,0.01064,1.02903,101649181.0,100351121.0,0.0748,142.44,186.12,122.14,1298203.0,strong_buy,True,0.28999858584829674,0.48240814914191843,0.45330177193388105,0.31803053669858217,-0.6027215882692682,0.3384955571147628,8.3,"Solid growth (revenue +40%, EPS +31%); healthy balance sheet (D/E 0.12, CR 1.9). Recent price action is soft."
FHI,,"Federated Hermes, Inc.","Federated Hermes, Inc.",Financial Services,Asset Management,United States,4219799040.0,4138414080.0,10.52514,9.695131,1.3978,3.2230842,2.1818888,7.453,2.14,0.31137,0.14803,0.27722,0.21295999,0.69044,0.28709,0.183,0.193,,0.146,0.32354,2.592,2.372,480710016.0,451942016.0,371463872.0,373985984.0,0.639,0.03893,0.93302,74651281.0,67965657.0,0.056599997,56.52,67.2,46.66,603782.0,hold,True,0.6922075836345991,-0.18452139073475748,0.2744879049240462,0.7020937603506777,-0.11824427283021713,0.3295557540487927,8.3,"Reasonable valuation (P/E 11, PEG 1.4); strong profitability (ROE 31%, op margin 28%). Growth is modest — more of a compounder."
DAVE,,Dave Inc.,Dave Inc.,Technology,Software - Application,United States,4699383808.0,4713778688.0,23.753708,16.553873,,22.605228,7.301114,20.288,7.323,1.04779,0.3101,0.32945,0.34589002,0.71748,0.36097,0.296,-0.21,,-0.26,1.29139,4.223,2.178,254072000.0,268467008.0,167170368.0,326945984.0,3.931,0.10416,1.10098,11441425.0,9545711.0,0.204,368.42,458.25,152.21,386889.0,buy,True,1.8756081791830062,-0.38819899517446754,-0.3886881596770851,-0.45562555582198366,0.5558091928263903,0.3279072913100356,8.2,"Strong profitability (ROE 105%, op margin 33%); constructive price momentum. Valuation looks stretched."
IESC,,"IES Holdings, Inc.","IES Holdings, Inc.",Industrials,Engineering & Construction,United States,12616278016.0,11550142464.0,26.70736,,,9.64471,3.1653523,20.945,2.898,0.44522998,0.16469,0.14364,0.11444,0.26305,0.13835,0.396,0.987,,0.981,0.062329999999999997,1.63,1.455,387860000.0,76943000.0,329443360.0,371422016.0,1.767,0.030299999,0.97285,42404806.0,18485817.0,0.1017,297.52,408.255,170.065,323723.0,none,True,0.09492264081352969,1.241532925680842,0.02956084257011507,-0.14248141060286787,0.045654345671098745,0.32716073999992296,8.1,"Solid growth (revenue +40%, EPS +99%); strong profitability (ROE 45%, op margin 14%). Valuation looks stretched."
RDN,,Radian Group Inc.,Radian Group Inc.,Financial Services,Insurance - Specialty,United States,4488984064.0,5121713664.0,8.377777,6.4958563,,0.9424215,2.72136,5.672,3.105,0.12026,0.0529,0.31627,0.32512,0.69302005,0.54745,0.935,-0.162,,-0.183,0.27967,1.588,0.703,712057024.0,1344786944.0,308735264.0,1393350016.0,0.714,0.0166,0.97567004,132301318.0,129982076.0,0.0608,33.93,41.05,30.53,1426495.0,buy,True,0.7197241612366921,0.19432290336662977,-0.3038244070254891,0.8830325769992206,-0.5851369790168862,0.29173991005533156,8.0,"Reasonable valuation (P/E 8); strong profitability (ROE 12%, op margin 32%). Recent price action is soft."
PATH,,"UiPath, Inc.","UiPath, Inc.",Technology,Software - Infrastructure,United States,7025175040.0,5820944896.0,20.119402,14.637218,0.4777,3.6042778,4.082368,31.53,3.383,0.20027,0.03664,0.08922,0.21031,0.82583,0.10727999,0.134,22.808,,21.783,0.04093,2.387,2.139,1283990016.0,79760000.0,474257632.0,373246016.0,1.01,0.10735,0.90022004,456464703.0,388510934.0,0.2678,13.48,19.84,9.2,64006837.0,hold,True,-0.352992432062561,1.3637159081879482,0.5214453543122624,-0.19735516056515898,-0.349787849952286,0.3182999194238962,8.0,"Solid growth (revenue +13%, EPS +2281%); healthy balance sheet (D/E 0.04, CR 2.4). Profitability is the softer spot."
JAZZ,,Jazz Pharmaceuticals plc,Jazz Pharmaceuticals plc,Healthcare,Biotechnology,Ireland,14178641920.0,16388142080.0,14.970528,8.460933,0.9582,2.9476383,3.081452,8.504,3.562,0.22114,0.06862,0.26914,0.20445,0.91353995,0.41881,0.155,,,,0.91828,1.779,1.381,2199800064.0,4409299968.0,1429392896.0,1661073024.0,0.369,0.029040001,1.02378,64914577.0,62989860.0,0.086899996,218.42,266.38,128.8,862852.0,strong_buy,True,0.6199581681270576,-0.08777619472640623,0.03660790002504333,0.654964146632115,0.3918677836206312,0.2910333879386254,7.9,"Reasonable valuation (P/E 15, PEG 1.0); strong profitability (ROE 22%, op margin 27%). Growth is modest — more of a compounder."
NSSC,,"NAPCO Security Technologies, In","Napco Security Technologies, Inc.",Industrials,Security & Protection Services,United States,1292671232.0,1160285312.0,30.116665,20.022161,,6.76779,6.389367,18.3,5.735,0.2393,0.17512,0.32228002,0.21267,0.5899,0.31338,0.1,0.524,,0.527,0.02711,4.899,4.088,137564992.0,5179000.0,50773248.0,61145000.0,1.504,0.03454,1.04856,35768437.0,34938967.0,0.0688,36.14,51.77,33.91,370050.0,none,True,0.6948997042660733,0.030479437649884006,0.8243739999441624,-0.5137179403512837,-1.175532780974557,0.2863489405769132,7.8,"Healthy balance sheet (D/E 0.03, CR 4.9); strong profitability (ROE 24%, op margin 32%). Recent price action is soft."
ADEA,,Adeia Inc.,Adeia Inc.,Technology,Software - Application,United States,2634592768.0,2892773888.0,21.91743,14.924254,,5.5198703,5.5951595,10.284,6.143,0.27878,0.13056,0.31948,0.26053,1.0,0.59736,0.121,0.0,,0.039,0.82832,3.247,3.128,137080992.0,395262016.0,195100624.0,190952000.0,0.919,0.0185,1.05775,110280150.0,107722753.0,0.1197,23.89,34.34,11.61,1060271.0,strong_buy,True,1.295589505930072,-0.5042076159918005,-0.0340561666486215,0.04966965180925309,0.061005997365247026,0.2646116537585664,7.7,"Strong profitability (ROE 28%, op margin 32%); constructive price momentum. Growth is modest — more of a compounder."
ANIP,,"ANI Pharmaceuticals, Inc.","ANI Pharmaceuticals, Inc.",Healthcare,Drug Manufacturers - Specialty & Generic,United States,1697279232.0,1832490880.0,15.993506,7.2684674,,2.6516185,1.7347871,8.751,1.873,0.20459,0.05446,0.14974,0.1107,0.60403997,0.21403,0.259,1.911,,1.891,1.0482500000000001,2.91,2.297,376961984.0,626028032.0,132205752.0,189466000.0,0.495,0.054190002,1.07286,22959488.0,19658127.0,0.1852,73.89,97.0,69.58,378953.0,buy,True,-0.3333054780144861,1.6524533908406003,-0.4987490860322999,0.7363028120344757,-1.0793099052768396,0.24491435933905864,7.7,"Solid growth (revenue +26%, EPS +191%); reasonable valuation (P/E 16). Recent price action is soft."
FIVE,,"Five Below, Inc.","Five Below, Inc.",Consumer Cyclical,Specialty Retail,United States,11821753344.0,12672487424.0,19.24104,19.409744,0.9842,4.7744303,2.2246985,15.447,2.385,0.28250998,0.07843,0.08859,0.11652,0.37578,0.15438,0.229,4.182,,4.177,0.8233199999999999,2.222,1.181,1187904000.0,2038637952.0,367360512.0,803480000.0,0.943,0.016390001,1.03084,55054035.0,53781736.0,0.0533,214.73,263.88,143.02,1118255.0,buy,True,-0.4403424576151342,1.5831563950039638,-0.37907456772359904,0.18793254158802836,0.21900129455962247,0.20805766550173632,7.6,"Solid growth (revenue +23%, EPS +418%); constructive price momentum. Profitability is the softer spot."
PRG,,"PROG Holdings, Inc.","PROG Holdings, Inc.",Industrials,Rental & Leasing Services,United States,1214068096.0,2015931136.0,9.769231,5.493307,,1.5074929,0.4643274,4.46,0.771,0.17066,0.15037,0.16605,0.05609,0.36145002,0.17287001,0.223,-0.042,,-0.038,1.10148,4.518,3.464,85201000.0,887064000.0,1535915904.0,333078016.0,1.778,0.04324,1.11419,39831633.0,38415618.0,0.12149999,30.48,47.73,25.8,590990.0,strong_buy,True,-0.40394360185165673,-0.33530607070697915,0.8498186769604272,1.1229458858370858,-0.9119502673984994,0.13028944051350289,7.5,"Reasonable valuation (P/E 10); healthy balance sheet (D/E 1.10, CR 4.5). Recent price action is soft."
AGX,,"Argan, Inc.","Argan, Inc.",Industrials,Engineering & Construction,United States,5508256256.0,4490725376.0,31.036364,24.374676,,10.870203,4.63606,24.268,3.78,0.39847,0.0999,0.14794,0.15092,0.20711,0.15574001,0.615,0.504,,0.511,0.02154,1.501,1.458,1028446016.0,10915000.0,467822016.0,555177024.0,0.554,0.04109,1.11999,14029842.0,13777726.0,0.090100005,392.61,805.75,257.62,364004.0,buy,True,-0.1057535900918859,0.9744245112928669,0.2210118414442341,-0.6437632429571961,-0.8141113380619384,0.12986295781003312,7.4,"Solid growth (revenue +62%, EPS +50%); healthy balance sheet (D/E 0.02, CR 1.5). Recent price action is soft."
LIVN,,LivaNova PLC,LivaNova PLC,Healthcare,Medical Devices,United Kingdom,4196372736.0,4043922944.0,22.600592,16.311148,0.9256,3.173133,2.8517287,15.545,2.748,0.15404001,0.0504,0.13543999,0.12813,0.67743,0.17678,0.108,2.878,,2.997,0.26556,1.45,1.079,516619008.0,351948992.0,59872624.0,249258000.0,0.875,0.00414,1.12914,54933538.0,54722177.0,0.1251,76.39,85.76,48.82,643550.0,buy,True,-0.4468190703440831,1.3036585117961965,-0.5839913573681763,0.16157206525281703,0.6744907594765952,0.10383141526553247,7.3,"Solid growth (revenue +11%, EPS +288%); constructive price momentum. Balance sheet worth monitoring."
FCFS,,"FirstCash Holdings, Inc.","FirstCash Holdings, Inc.",Financial Services,Credit Services,United States,9268553728.0,11799271424.0,24.311718,16.46379,,4.0018725,2.249465,14.971,2.864,0.17398001,0.08297,0.15508,0.0942,0.57869,0.19128999,0.294,0.582,,0.563,1.16419,4.887,3.199,172298000.0,2703015936.0,219812256.0,672852992.0,0.549,0.084259994,1.00104,43371800.0,39714256.0,0.0646,213.7,238.93,146.77,418023.0,strong_buy,True,-0.3817150689919302,0.533659052312764,0.09918593318362397,0.14444871986595134,0.6146323975232196,0.09609565353257161,7.3,"Constructive price momentum; solid growth (revenue +29%, EPS +58%). Profitability is the softer spot."
KLIC,,"Kulicke and Soffa Industries, I","Kulicke and Soffa Industries, Inc.",Technology,Semiconductor Equipment & Materials,Singapore,4814801920.0,4336346624.0,42.20642,15.586119,,5.280041,5.0670767,22.595,4.564,0.13231,0.08999,0.20661,0.121800005,0.52641,0.20198,1.226,,,,0.0418,3.444,2.637,516572992.0,38118000.0,57164124.0,55116000.0,1.555,0.03507,0.92646,52329115.0,50552542.0,0.0513,92.01,135.8,35.02,821092.0,none,True,-0.31751284939172203,0.75,0.25640662807724757,-0.61182160253848,0.1361220363595154,0.07138066363899906,7.2,"Solid growth (revenue +123%); healthy balance sheet (D/E 0.04, CR 3.4). Valuation looks stretched."
CART,,Maplebear Inc.,Maplebear Inc.,Consumer Cyclical,Internet Retail,United States,11335043072.0,10440442880.0,25.26984,9.75293,1.7351,4.793256,2.8387287,16.705,2.615,0.16001,0.09364,0.14094,0.120459996,0.72577006,0.15652001,0.141,0.081,,-0.043,0.01348,2.279,1.969,850000000.0,34000000.0,917875008.0,1232000000.0,0.871,0.11013,0.79176,237333400.0,163545537.0,0.1443,47.76,52.68,32.73,4005828.0,buy,True,-0.3228196190490231,-0.450819043269958,0.8667494516583586,0.044042162502429746,0.6954414171185231,0.04851511161368384,7.1,"Healthy balance sheet (D/E 0.01, CR 2.3); constructive price momentum. Growth is modest — more of a compounder."
QLYS,,"Qualys, Inc.","Qualys, Inc.",Technology,Software - Infrastructure,United States,7002719744.0,6629825024.0,35.081455,23.950891,3.1712,12.475808,9.96152,26.036,9.431,0.38592,0.146,0.33979,0.29381,0.83417,0.36223,0.11,0.161,,0.108,0.09498,1.384,1.266,426294016.0,53399000.0,244382624.0,320948992.0,0.602,0.00448,1.10075,34595001.0,34315473.0,0.1308,202.42,204.41,74.51,729501.0,hold,True,1.2789005735328167,-0.3930791913572801,-0.19281088144289799,-1.7461023931686992,1.3839612326706463,0.04448035651802795,7.0,"Constructive price momentum; strong profitability (ROE 39%, op margin 34%). Valuation looks stretched."
DAR,,Darling Ingredients Inc.,Darling Ingredients Inc.,Consumer Defensive,Packaged Foods,United States,9509202944.0,13577183232.0,16.785515,9.582023,,1.8127669,1.452083,12.048,2.073,0.12126,0.03541,0.12892,0.091309994,0.26333,0.17208,0.164,29.14,,29.591,0.78609,1.565,0.771,163742000.0,4171198976.0,219643008.0,1351406976.0,1.047,0.01197,1.07969,157802916.0,155642594.0,0.0349,60.26,69.98,29.15,2359614.0,strong_buy,True,-0.87617650595618,1.4330129040245847,-0.7614361520236141,0.5993585631940558,0.7209115901843545,0.030990600201714756,7.0,"Solid growth (revenue +16%, EPS +2914%); constructive price momentum. Profitability is the softer spot."
JOE,,St. Joe Company (The),The St. Joe Company,Real Estate,Real Estate - Diversified,United States,3692509184.0,4135181056.0,30.450703,589.63635,,4.835247,6.7401233,19.555,7.548,0.16246,0.06761,0.34486,0.22461,0.44053,0.38599,0.23,0.392,,0.371,0.71346,3.839,3.387,117315000.0,551481024.0,118878000.0,216796000.0,1.281,0.00356,0.8901,56930451.0,54801821.0,0.040799998,64.86,73.54,46.61,236607.0,none,True,0.3379383333068919,0.1664292971803559,0.1058823758261694,-1.0941533589647103,0.4700976695832671,0.028841297878155706,6.9,"Constructive price momentum; strong profitability (ROE 16%, op margin 34%). Valuation looks stretched."
MOG-A,,Moog Inc.,Moog Inc.,Industrials,Aerospace & Defense,United States,11499484160.0,12578207744.0,30.666384,30.227222,,5.172738,2.6631653,19.889,2.913,0.18106002,0.07038,0.14516,0.087340005,0.28204,0.14646,0.152,1.59,,1.599,0.51557,2.087,1.261,66821000.0,1145543936.0,333472640.0,485609984.0,0.96,0.0185,1.05081,28443048.0,28620602.0,0.0448,363.09,448.85,192.33,276392.0,buy,True,-0.6802061004485477,1.3329465406015717,-0.2250426097179719,-0.4814622682989825,0.4343650553627339,0.022413065109624968,6.8,"Solid growth (revenue +15%, EPS +159%); constructive price momentum. Profitability is the softer spot."
APPF,,"AppFolio, Inc.","AppFolio, Inc.",Technology,Software - Application,United States,7161315840.0,6975405568.0,44.933334,24.007837,,13.610662,6.880039,35.827,6.701,0.3209,0.18747999,0.18845,0.15134,0.63532,0.18705,0.193,0.182,,0.155,0.06799000000000001,3.831,3.349,221684992.0,35775000.0,198919872.0,272899008.0,0.892,0.03954,0.99489,24087367.0,23188567.0,0.1016,202.2,265.02,142.56,369507.0,buy,True,0.3702196067481573,-0.1635243423963985,0.6461310502121479,-1.4005081163324584,-0.09747464337031395,0.01676760936000007,6.7,"Healthy balance sheet (D/E 0.07, CR 3.8); strong profitability (ROE 32%, op margin 19%). Valuation looks stretched."
ACAD,,ACADIA Pharmaceuticals Inc.,Acadia Pharmaceuticals Inc.,Healthcare,Biotechnology,United States,3408203264.0,2525583104.0,8.869955,22.261488,,2.6057174,2.9932125,25.669,2.218,0.35743,0.03637,0.12286,0.33416,0.62061,0.08641,0.164,0.133,,0.181,0.05652,3.388,3.107,956473984.0,73854000.0,68647000.0,160319008.0,0.887,0.0033000002,0.99701,172305518.0,128350380.0,0.0759,19.78,30.96,19.32,1846031.0,buy,True,0.060451331061396184,-0.24729981826492065,0.3442038461215001,-0.09677655585263435,-1.4295742823538176,-0.04363379121302231,6.7,"Healthy balance sheet (D/E 0.06, CR 3.4); strong profitability (ROE 36%, op margin 12%). Recent price action is soft."
CR,,Crane Company,Crane Company,Industrials,Specialty Industrial Machinery,United States,11834622976.0,12602222592.0,35.732983,26.125103,2.3153,5.4344945,4.56706,16.875,4.863,0.16521999,0.12728,0.35463002,0.1297,0.46965,0.2882,0.256,0.106,,0.11,0.51181,2.804,1.756,350400000.0,1115699968.0,363750016.0,428800000.0,1.073,0.1446,0.79703003,57800356.0,57153570.0,0.0255,204.75,230.5,159.58,423375.0,strong_buy,True,0.2088134548980846,-0.08900223693941539,0.05428116272099126,-0.8512011244226197,0.34874027639264343,-0.05627938692894145,6.6,"Constructive price momentum; strong profitability (ROE 17%, op margin 35%). Valuation looks stretched."
DUOL,,"Duolingo, Inc.","Duolingo, Inc.",Technology,Software - Application,United States,6985240064.0,5786467328.0,17.805225,19.62671,,4.968845,6.100636,32.321,5.054,0.3442,0.056420002,0.11684,0.35875,0.72717005,0.15636,0.183,-0.275,,-0.26,0.0611,2.719,2.509,1313865984.0,86136000.0,300198016.0,430548000.0,1.05,0.01498,0.99657,40237065.0,39972785.0,0.2037,149.92,343.998,87.89,1153998.0,hold,True,0.30809594668705637,-0.6896622361031465,0.4084611819175297,-0.6536728632900319,-0.8262303511288873,-0.11723392659023643,6.5,"Healthy balance sheet (D/E 0.06, CR 2.7); strong profitability (ROE 34%, op margin 12%). Recent price action is soft."
AEIS,,"Advanced Energy Industries, Inc","Advanced Energy Industries, Inc.",Industrials,Electrical Equipment & Parts,United States,11560960000.0,11541260288.0,53.455555,18.817802,,7.9295664,5.6732554,32.695,5.664,0.16267,0.06252,0.17018,0.10767,0.3996,0.17322999,0.3,0.934,,1.147,0.94568,3.79,2.83,1396700032.0,1376999936.0,34187500.0,238200000.0,1.314,0.010570001,1.03026,40050442.0,39647134.0,0.0627,288.66,397.44,174.12,582700.0,strong_buy,True,-0.5463446155493528,1.0742776901368245,-0.2872388584622974,-1.2224372996712125,-0.020435282502374544,-0.15153103582197464,6.4,"Solid growth (revenue +30%, EPS +93%); constructive price momentum. Valuation looks stretched."
CRVL,,CorVel Corp.,CorVel Corporation,Financial Services,Insurance Brokers,United States,3897858816.0,3670369536.0,34.44643,,,9.548324,3.9622815,19.934,3.731,0.30697,0.14682001,0.16674,0.11724,0.24792999,0.18716998,0.107,0.212,,0.183,0.06944,1.941,1.411,255883008.0,28394000.0,91710128.0,150550000.0,1.046,0.3891,0.56159,50516571.0,30857542.0,0.105900005,77.16,79.43,44.83,190482.0,none,True,-0.09403803921024072,-0.3287545266621734,-0.24688291851859087,-0.3209838754555297,1.2342666715354578,-0.15855502079981987,6.4,"Constructive price momentum; strong profitability (ROE 31%, op margin 17%). Growth is modest — more of a compounder."
FSS,,Federal Signal Corporation,Federal Signal Corporation,Industrials,Farm & Heavy Construction Machinery,United States,6932495872.0,7355495936.0,24.476294,19.65219,1.4142,4.598348,2.8320177,14.717,3.005,0.20608,0.117510006,0.17650999,0.11659,0.29167998,0.20417999,0.187,0.207,,0.206,0.32223,2.739,1.124,62800000.0,485800000.0,194724992.0,372500000.0,1.232,0.02568,1.04992,61041611.0,59510687.0,0.0855,113.57,134.51,101.19,429687.0,none,True,-0.2940067443486112,-0.1349539016694143,-0.1832214944076096,-0.05164709134868846,-0.44119580413802645,-0.1975527262330439,6.3,"Reasonable valuation (P/E 24, PEG 1.4); solid growth (revenue +19%, EPS +21%). Recent price action is soft."
BRC,,Brady Corporation,Brady Corporation,Industrials,Security & Protection Services,United States,4002848000.0,3899291904.0,19.62069,11.829521,,2.9485939,2.409083,11.333,2.347,0.1611,0.10428,0.19734,0.12361,0.51748,0.20707001,0.1,-0.085,,-0.086,0.06158,1.937,1.26,187148992.0,83593000.0,166669376.0,244127008.0,0.606,0.03715,0.88251,43360586.0,42177401.0,0.028099999,85.35,99.29,70.57,225467.0,strong_buy,True,-0.23207325318086905,-0.6714727868753966,-0.1704482811129642,0.42719603617367685,-0.015292414430604532,-0.2167874582468296,6.2,Reasonable valuation (P/E 20); constructive price momentum. Growth is modest — more of a compounder.
LECO,,"Lincoln Electric Holdings, Inc.","Lincoln Electric Holdings, Inc.",Industrials,Tools & Accessories,United States,14233088000.0,15192763392.0,26.086912,20.847704,1.4843,9.157958,3.176292,17.167,3.39,0.37736,0.12975,0.18243,0.12353,0.36051998,0.1975,0.12,0.125,,0.105,0.77347,1.982,1.02,242443008.0,1202118016.0,307077120.0,687585984.0,1.217,0.0152,0.83055,54505757.0,53521383.0,0.025,261.13,310.0,216.22,420821.0,buy,True,0.10411581430645317,-0.3939610925854301,-0.5048030148925682,-0.22616311247756013,-0.12167409210125864,-0.23346445405426056,6.1,"Strong profitability (ROE 38%, op margin 18%); constructive price momentum. Balance sheet worth monitoring."
AWI,,Armstrong World Industries Inc,"Armstrong World Industries, Inc.",Industrials,Building Products & Equipment,United States,6841082880.0,7342483456.0,22.326897,16.9004,,7.7479415,4.035085,16.342,4.331,0.36618,0.10623,0.21568,0.18597001,0.40308997,0.26501,0.112,0.124,,0.101,0.65589,1.519,0.971,78600000.0,580000000.0,220824992.0,358800000.0,1.158,0.01548,1.0440899,42262826.0,41547316.0,0.0399,161.87,206.08,150.28,425825.0,none,True,0.32112660739359916,-0.4151702990464209,-0.640191307406079,-0.03263819802068981,-0.9289184911512942,-0.21884407365571343,6.1,"Strong profitability (ROE 37%, op margin 22%); reasonable valuation (P/E 22). Recent price action is soft."
EXPO,,"Exponent, Inc.","Exponent, Inc.",Industrials,Engineering & Construction,United States,3319192064.0,3333284096.0,31.304932,25.662043,,11.497035,5.8525915,24.182,5.877,0.31204,0.11293,0.18823999,0.19708,0.36416999,0.24305001,0.12,0.157,,0.107,0.27968,1.977,1.806,66629000.0,80721000.0,76945872.0,118148000.0,0.699,0.01244,1.00947,47546084.0,46899933.0,0.0762,69.81,81.95,51.91,518969.0,buy,True,0.15974477677785887,-0.37299603444233553,-0.3253673357081605,-0.7887340613219883,0.22656541481339082,-0.23364924796189507,6.0,"Constructive price momentum; strong profitability (ROE 31%, op margin 19%). Valuation looks stretched."
SPXC,,"SPX Technologies, Inc.","SPX Technologies, Inc.",Industrials,Building Products & Equipment,United States,8487549952.0,8935849984.0,29.887127,17.359308,0.9767,3.613759,3.4280667,17.125,3.609,0.14684,0.06755,0.17673,0.11265001,0.40287998,0.21075001,0.229,0.41,,0.502,0.26175,1.825,1.137,166400000.0,614700032.0,234024992.0,421900000.0,1.241,0.03073,0.96860003,50085860.0,48996993.0,0.0424,169.46,251.08,166.17,531696.0,strong_buy,True,-0.4768365895523272,0.24434934204573694,-0.26156214644513076,-0.09978415747823528,-1.4318723300533691,-0.23391541808995037,5.9,"Solid growth (revenue +23%, EPS +41%); reasonable valuation (P/E 30, PEG 1.0). Recent price action is soft."
RSI,,"Rush Street Interactive, Inc.","Rush Street Interactive, Inc.",Consumer Cyclical,Gambling,United States,4616268800.0,1998882944.0,62.999996,22.605762,,11.790393,3.3770797,11.127,1.462,0.30279,0.12832,0.1174,0.02335,0.34967998,0.13142,0.463,-0.187,,-0.308,0.015189999999999999,2.116,1.922,345415008.0,5148000.0,127112000.0,182676992.0,1.711,0.02623,1.10743,115626347.0,106665305.0,0.0904,18.9,34.53,15.51,2946361.0,strong_buy,True,-0.4398943794138577,-0.013427971030193997,-0.0270598248717146,-0.5695849152773789,-1.016652015981765,-0.2783606008903295,5.8,"Solid growth (revenue +46%, EPS -19%); healthy balance sheet (D/E 0.02, CR 2.1). Recent price action is soft."
EXLS,,"ExlService Holdings, Inc.","ExlService Holdings, Inc.",Technology,Information Technology Services,United States,5577823744.0,5784165888.0,23.284811,14.166238,0.9053,6.444211,2.4930892,15.256,2.585,0.25944,0.1201,0.14609,0.11174,0.38511002,0.16946,0.156,0.05,,-0.023,0.56585,1.244,1.109,283824000.0,490166016.0,262332752.0,327708000.0,0.839,0.026800001,1.03338,151612499.0,146395513.0,0.0808,36.79,43.88,24.85,2233593.0,strong_buy,True,-0.24998600459443168,-0.4249205696183737,-0.5478930079267408,0.24873473195025902,0.32050715111405675,-0.26486362841636646,5.8,"Constructive price momentum; reasonable valuation (P/E 23, PEG 0.9). Balance sheet worth monitoring."
DY,,"Dycom Industries, Inc.","Dycom Industries, Inc.",Industrials,Engineering & Construction,United States,8120234496.0,10816943104.0,24.587215,12.954812,,3.9336383,1.180258,11.606,1.572,0.19197,0.071,0.09571,0.0479,0.20528999,0.13545999,0.456,0.144,,0.186,1.47703,2.348,2.205,351748992.0,3048457984.0,326561504.0,718107008.0,1.5,0.012610001,0.97292,30160957.0,23736070.0,0.0641,269.23,566.47,263.36,585879.0,strong_buy,True,-0.8724933194782064,0.43667013416730294,-0.5788418475242438,0.41754407654696885,-1.4895652529723287,-0.3091375753492683,5.7,"Solid growth (revenue +46%, EPS +14%); reasonable valuation (P/E 25). Recent price action is soft."
AIT,,Applied Industrial Technologies,"Applied Industrial Technologies, Inc.",Industrials,Industrial Distribution,United States,12319814656.0,12664376320.0,30.628311,25.355442,2.7789,6.8098845,2.4804897,20.582,2.55,0.22368999,0.11102,0.117740005,0.083459996,0.30337998,0.12389,0.104,0.134,,0.1,0.25967,2.578,1.612,127130000.0,483444000.0,362843616.0,484081984.0,0.851,0.00791,0.985,36733895.0,36374805.0,0.025799999,335.38,374.8,238.34,276898.0,none,True,-0.5615256401066697,-0.4279542043634653,0.15329314722649748,-0.7729636512040402,0.569644840194736,-0.32458526198711213,5.6,"Constructive price momentum; healthy balance sheet (D/E 0.26, CR 2.6). Valuation looks stretched."
BOOT,,"Boot Barn Holdings, Inc.","Boot Barn Holdings, Inc.",Consumer Cyclical,Apparel Retail,United States,3632969984.0,4299757056.0,15.18481,12.037891,,2.7519443,1.5503602,11.071,1.835,0.19174999,0.08156,0.12776,0.103520006,0.37824002,0.16574,0.177,0.316,,0.313,0.59323,2.53,0.39,139262000.0,806049024.0,12682000.0,314896000.0,1.764,0.00511,1.1823001,30284844.0,30123123.0,0.1015,119.96,210.25,118.79,685857.0,strong_buy,True,-0.538333255223776,-0.0338472780402563,-0.8006883112129907,0.5842905919613596,-1.5091328867004188,-0.3579469294212615,5.5,"Reasonable valuation (P/E 15); solid growth (revenue +18%, EPS +32%). Recent price action is soft."
GOLF,,Acushnet Holdings Corp.,,Consumer Cyclical,Leisure,United States,4624511488.0,5645439488.0,21.516304,18.692162,,5.000632,1.7078432,15.105,2.085,0.25239,0.0825,0.16048001,0.081190005,0.47506002,0.13803001,0.138,0.664,,0.652,1.17199,2.55,1.117,66641000.0,1085628032.0,45248500.0,270206016.0,0.794,0.53095,0.55852,58405044.0,27140824.0,0.1302,79.18,119.65,75.16,360198.0,none,True,-0.40454115990918266,0.2712352233063558,-1.003911846620679,0.18312778757459158,-1.2782394472310177,-0.3409743080266977,5.5,"Solid growth (revenue +14%, EPS +66%); reasonable valuation (P/E 22). Recent price action is soft."
BCPC,,Balchem Corporation,Balchem Corporation,Basic Materials,Specialty Chemicals,United States,5350088192.0,5453629440.0,33.037403,26.757118,3.2598,4.1179214,4.9269567,20.243,5.022,0.12793,0.08234999,0.20853001,0.15141,0.36294997,0.2481,0.112,0.188,,0.166,0.12801,2.665,1.456,63174000.0,166715008.0,134847504.0,219619008.0,0.854,0.00492,0.93768996,31878021.0,31686434.0,0.0212,167.83,183.9,140.35,201932.0,none,True,-0.30791993935578216,-0.3410964825039252,-0.08037979317382375,-1.183434423681813,0.3311297172345714,-0.3587037284167152,5.4,"Constructive price momentum; healthy balance sheet (D/E 0.13, CR 2.7). Valuation looks stretched."
CACI,,"CACI International, Inc.",CACI International Inc,Technology,Information Technology Services,United States,13495118848.0,18686629888.0,25.27525,16.22551,,3.0239031,1.4104756,15.716,1.953,0.12824,0.057600003,0.100509994,0.055999998,0.33203998,0.12427,0.176,-0.012,,-0.007,1.20656,1.484,1.246,192986000.0,5384532992.0,610367104.0,886710016.0,0.591,0.011720001,1.0472699,22099597.0,21828378.0,0.0594,610.65,683.5,434.7,276634.0,buy,True,-0.9495065247832697,-0.40886932266760345,-0.4398321127108049,0.1893741616777517,0.5579472813194759,-0.44072382796194637,5.3,Constructive price momentum; reasonable valuation (P/E 25). Profitability is the softer spot.
BDC,,Belden Inc,Belden Inc.,Technology,Communication Equipment,United States,4265384704.0,5260701696.0,17.747967,10.877018,,3.0726573,1.4888564,11.567,1.836,0.18643999,0.059609998,0.113579996,0.08522,0.37185,0.15875,0.116,0.137,,0.123,0.97069,2.135,1.352,348655008.0,1343971968.0,99734624.0,375952000.0,1.128,0.0156,1.08856,39078191.0,38348210.0,0.1533,109.15,159.99,98.0,443510.0,none,True,-0.6826290416372486,-0.3862489783508958,-0.8257299243392968,0.5605502076846582,-1.011787122340744,-0.4742902631280612,5.2,"Reasonable valuation (P/E 18); solid growth (revenue +12%, EPS +14%). Recent price action is soft."
AGYS,,"Agilysys, Inc.","Agilysys, Inc.",Technology,Software - Application,United States,2962453760.0,2849746944.0,69.09869,32.80906,2.2807,8.730674,8.968599,58.454,8.627,0.13802,0.05505,0.11107001,0.12986,0.63057,0.14759,0.143,0.882,,0.839,0.054509999999999996,1.741,1.604,123709000.0,18443000.0,57453376.0,82176000.0,0.364,0.03629,1.0687699,28205788.0,26862117.0,0.0736,105.03,145.25,61.5,263317.0,none,True,-0.5737729372398775,0.5169684276374926,-0.2833901299718814,-2.3508105744233654,0.0,-0.4663588929190653,5.2,"Solid growth (revenue +14%, EPS +88%); constructive price momentum. Valuation looks stretched."
ATEN,,"A10 Networks, Inc.","A10 Networks, Inc.",Technology,Software - Infrastructure,United States,2151405312.0,2020141312.0,51.08621,24.990932,,9.022533,6.9361234,30.117,6.513,0.19444999,0.04995,0.11261,0.13854,0.79379,0.21625,0.155,-0.143,,-0.157,0.9500700000000001,1.29,1.147,357348000.0,226084000.0,61384500.0,76856000.0,1.12,0.01597,1.08574,72609021.0,71313676.0,0.1907,29.63,38.49,16.52,1275332.0,none,True,-0.25818378221431104,-0.6179304427986321,-1.0665512149394984,-1.3780459184904312,0.22909756082684835,-0.6938275588310483,5.1,"Constructive price momentum; strong profitability (ROE 19%, op margin 11%). Valuation looks stretched."
BROS,,Dutch Bros Inc.,Dutch Bros Inc.,Consumer Cyclical,Restaurants,United States,6673833984.0,6364265472.0,52.847218,28.508278,1.3012,6.5773554,3.5452783,19.759,3.381,0.14562,0.03788,0.12876001,0.04907,0.25097,0.1711,0.325,0.373,,0.46,1.23827,1.35,1.103,269072000.0,1207328000.0,1719625.0,365696992.0,2.312,0.051810004,0.95585996,137940798.0,130180249.0,0.5054,38.05,74.024,37.4,3998934.0,strong_buy,True,-0.9117765729945391,0.42094571460695235,-1.3414680945216693,-0.9393645176707606,-1.4943816245333519,-0.7192873257543226,5.0,"Solid growth (revenue +32%, EPS +37%); strong profitability (ROE 15%, op margin 13%). Recent price action is soft."
