ticker,technical_error,current_price,rsi_14,ma_50,ma_200,pct_from_200ma,pct_from_52w_high,technical_score,supertrend_daily_signal,supertrend_daily_days,supertrend_weekly_signal,supertrend_weekly_weeks
INSW,,119.82,70.9,103.04,81.12,47.7,1.6,0.5,BUY,67,BUY,70
SEZL,,128.64,63.8,122.94,104.18,23.5,31.8,6.0,BUY,1,SELL,10
HL,,17.07,43.0,18.46,19.12,-10.7,46.3,5.0,SELL,18,BUY,8
INVA,,21.21,54.3,20.95,21.79,-2.6,12.5,8.0,SELL,71,SELL,2
MGY,,24.1,41.1,25.82,26.82,-10.1,25.5,6.0,SELL,18,SELL,17
AMG,,387.26,64.8,366.04,326.08,18.8,0.0,6.0,BUY,11,BUY,19
HLNE,,85.67,36.0,96.35,101.98,-16.0,44.3,4.5,SELL,22,BUY,8
EXEL,,59.86,62.2,56.14,49.47,21.0,0.0,4.5,BUY,33,BUY,115
LGND,,301.81,54.8,292.04,244.3,23.5,6.4,7.5,BUY,14,BUY,65
PARR,,81.89,49.5,80.08,60.82,34.7,6.6,7.5,BUY,41,BUY,32
HRMY,,40.28,50.9,39.93,34.67,16.2,6.0,9.0,SELL,9,BUY,16
KRYS,,331.61,46.3,339.7,303.61,9.2,12.3,10.0,SELL,20,BUY,55
LQDA,,27.38,22.4,66.07,54.01,-49.3,69.9,3.5,SELL,8,SELL,2
CARG,,28.85,30.4,34.14,33.39,-13.6,26.1,5.5,SELL,28,SELL,1
SEIC,,104.7,50.3,106.21,91.48,14.5,6.2,9.0,SELL,23,BUY,25
CNS,,69.26,25.1,78.23,71.65,-3.3,19.1,6.5,SELL,28,SELL,1
CRUS,,106.87,29.9,118.01,139.66,-23.5,40.3,3.5,SELL,3,SELL,13
ESNT,,62.49,42.7,66.58,62.86,-0.6,10.3,8.0,BUY,2,SELL,2
MLI,,60.71,45.4,63.16,62.47,-2.8,13.8,8.0,SELL,38,BUY,10
RELY,,24.13,59.4,23.87,19.74,22.3,10.4,8.5,BUY,4,BUY,15
COCO,,58.39,52.9,59.42,61.42,-4.9,30.5,7.0,SELL,3,SELL,10
RMBS,,107.47,58.6,95.51,108.3,-0.8,37.0,7.0,BUY,15,SELL,13
NBIX,,142.44,41.9,151.97,147.23,-3.3,23.2,8.0,SELL,50,SELL,4
FHI,,56.52,39.4,60.68,57.14,-1.1,13.6,7.5,SELL,27,SELL,2
DAVE,,368.42,56.1,353.38,277.52,32.8,16.7,8.5,BUY,5,BUY,26
IESC,,297.52,38.3,337.79,293.07,1.5,25.1,8.0,SELL,34,BUY,74
RDN,,33.93,47.6,35.65,35.27,-3.8,14.6,8.0,BUY,5,SELL,3
PATH,,13.48,48.0,14.72,12.6,6.9,30.1,9.0,SELL,25,SELL,3
JAZZ,,218.42,26.9,244.39,213.42,2.3,16.5,8.0,SELL,24,SELL,1
NSSC,,36.14,50.6,36.92,39.45,-8.4,23.5,8.0,SELL,41,SELL,22
ADEA,,23.9,39.0,26.36,25.31,-5.6,28.9,6.5,SELL,29,SELL,13
ANIP,,73.89,51.3,74.57,78.28,-5.6,22.5,8.0,SELL,4,SELL,47
FIVE,,214.73,40.8,234.79,215.5,-0.4,18.3,8.0,SELL,16,BUY,10
PRG,,30.48,27.1,37.54,35.63,-14.5,35.9,4.5,SELL,44,SELL,4
AGX,,392.61,45.1,455.53,518.66,-24.3,50.8,5.0,BUY,4,SELL,8
LIVN,,76.39,46.1,78.75,71.68,6.6,10.5,10.0,SELL,46,BUY,75
FCFS,,213.7,47.9,216.23,203.6,5.0,9.6,8.5,SELL,7,SELL,12
KLIC,,92.01,52.0,88.35,84.28,9.2,31.2,9.0,BUY,14,SELL,11
CART,,47.76,58.9,47.51,42.61,12.1,7.8,9.0,BUY,1,BUY,16
QLYS,,202.42,64.2,180.44,129.14,56.7,0.0,3.0,BUY,19,BUY,19
DAR,,60.26,42.2,63.57,56.87,6.0,11.8,10.0,SELL,34,BUY,69
JOE,,64.86,46.2,66.13,65.5,-1.0,10.9,8.0,SELL,28,SELL,29
MOG-A,,363.09,40.7,385.71,345.66,5.0,18.5,10.0,SELL,3,BUY,20
APPF,,202.2,46.4,209.05,184.91,9.4,22.9,10.0,SELL,10,BUY,10
ACAD,,19.78,19.6,26.34,24.21,-18.3,35.3,3.0,SELL,26,SELL,3
CR,,204.75,49.3,207.93,197.53,3.7,9.6,8.5,SELL,52,BUY,18
DUOL,,149.92,54.2,144.03,126.49,18.5,56.0,8.0,SELL,23,BUY,8
AEIS,,288.66,51.9,290.59,307.24,-6.0,25.8,7.0,BUY,7,SELL,19
CRVL,,77.16,74.2,69.48,61.55,25.4,0.5,2.0,BUY,41,BUY,15
FSS,,113.57,45.8,118.98,115.71,-1.8,15.2,8.0,SELL,30,BUY,15
BRC,,85.35,46.3,89.56,86.8,-1.7,13.1,8.0,SELL,37,BUY,19
LECO,,261.13,43.8,272.18,264.71,-1.4,12.6,8.0,SELL,2,SELL,29
AWI,,161.87,42.7,171.02,171.68,-5.7,20.5,8.0,SELL,29,BUY,10
EXPO,,69.81,58.7,68.1,66.4,5.1,12.5,10.0,BUY,7,BUY,8
SPXC,,169.46,34.4,193.29,210.52,-19.5,31.2,5.5,SELL,28,SELL,4
RSI,,18.9,27.5,24.2,24.02,-21.3,45.2,3.5,SELL,53,SELL,10
EXLS,,36.79,59.2,35.77,32.87,11.9,15.2,10.0,BUY,2,BUY,11
DY,,269.23,36.2,328.44,386.83,-30.4,49.7,4.5,SELL,88,SELL,7
AIT,,335.38,51.6,337.11,305.33,9.8,7.3,9.0,BUY,10,BUY,64
BOOT,,119.96,34.2,144.19,163.39,-26.6,42.3,4.5,SELL,28,SELL,31
GOLF,,79.18,29.0,87.01,94.47,-16.2,33.2,4.5,SELL,57,SELL,10
BCPC,,167.83,48.9,172.22,168.25,-0.2,8.4,7.0,SELL,23,BUY,39
CACI,,610.65,49.3,620.26,563.55,8.4,10.2,10.0,SELL,4,BUY,10
BDC,,109.15,43.7,119.09,119.01,-8.3,27.7,7.0,SELL,36,BUY,10
AGYS,,105.03,54.8,107.28,92.11,14.0,25.6,9.0,SELL,24,BUY,19
ATEN,,29.63,66.6,26.73,25.9,14.4,22.3,8.5,BUY,17,SELL,11
BROS,,38.05,34.0,46.5,54.94,-30.7,48.1,4.5,SELL,63,SELL,10
